weight,product,docId
4,MSDS报告记载：东莞市中子能源有限公司生产的圆柱形锂离子电池（型号ZZ18650）,76050a30604a48bb9469a8bc009cf169
4,实实在在车行、丘宜政称其事发当日中午购买了一组征途公司生产的型号为60V20AH锂电池供试车使用,dccd0c44510b4cd7a319ab2c0132904f
4,MSDS报告记载：东莞市中子能源有限公司生产的圆柱形锂离子电池（型号ZZ18650）,76050a30604a48bb9469a8bc009cf169
4,该报告认定南昌市赣江电池有限公司生产的规格型号6-DG-120蓄电池为合格产品,f1e3f74404bd40638565ee5084477203
4,实实在在车行、丘宜政称其事发当日中午购买了一组征途公司生产的型号为60V20AH锂电池供试车使用,dccd0c44510b4cd7a319ab2c0132904f
4,MSDS报告记载：东莞市中子能源有限公司生产的圆柱形锂离子电池（型号ZZ18650）,76050a30604a48bb9469a8bc009cf169
4,MSDS报告记载：东莞市中子能源有限公司生产的圆柱形锂离子电池（型号ZZ18650）,76050a30604a48bb9469a8bc009cf169
4,刘仕初在原告阮春艳所开办的邵阳县大木山明珠电器综合商店购买了一台被告所生产的“巧太太”牌Jzx·2-F3009型号家用燃气灶具,26aa88b80e334614aed2a74300fe9a48
4,原告购买并安装了被告兰陵县金鹰家电商贸有限公司销售的被告珠海格力电器股份有限公司生产的格力牌立式空调（外机型号KFR-50W／1KIB、内机型号KFR-50L（50510LH）-SN5）一部在家中使用,eebc3d61c4d841f89799fac702b77f77
3,其中包括150Ah/12V瑞达牌蓄电池256只,7950993cf5d94ca18d03ab15017e5615
3,约定Z公司向五洲龙公司采购用于五洲龙公司生产的纯电动大巴车辆（型号：FDG6113EVG3,cb325c25eb404228872faa7e00fe76e0
3,富天达车行、文富提交锂电池照片、实物等证据证明其于2016年9月18日向秦秋来出售的锂电池系广州市肱力电子有限公司生产的宏利牌锂电池,1322f58028b743dab177a9b400a5a3a9
3,货物为YOKOMA牌镍氢电池,be090e4f08ff43bebaa8a8bc0096b64e
3,汇宇蓝川公司主张其向佳博利公司购买的型号为505573的聚合物电池即为火灾事故认定书上记载的2300HA聚合物电池,37a5c316116c42299af4a85100ef004e
3,没有H4549691600mAh型号电池,746834e9d31140c08fa2ae6cc5db0a8d
3,没有H4549691600mAh型号电池,c2073390de784c8d91d104dadf34dd66
3,3台火灾事故汽车的实际单体电池型号、BMS型号与涉案车辆的备案的单体电池型号、BMS型号均不同,17b63ca5bc7e4a048fc1ab2600928433
3,其中包括150Ah/12VXX牌蓄电池256只,24adb8cb50234b34862bab2b000f2c67
3,约定：由同鑫公司向瑞芯公司提供MF100-12型号（80AH）铅酸蓄电池1424节、MF200-12型号（180AH）铅酸蓄电池128节,c44812a2eb144a9c97a9aab700f0b7b3
3,用随身携带的工具将一块12V100A双登牌蓄电池、两根70平米电池专用连接线、一块接地保护牌和一根10米长的铜线盗走,6b4d6713e976438fab4da9f901214a4e
3,电池品牌PCM,2c4415bfd6144c5788783f27bb351a19
3,单据上注明的“平衡充”及“简易平衡充”均为思科达公司生产的B3PRO型锂电池平衡充电器,e5d422c8654a4bac8b432169b68951a0
3,其中包括150Ah/12V瑞达牌蓄电池256只,7950993cf5d94ca18d03ab15017e5615
3,约定Z公司向五洲龙公司采购用于五洲龙公司生产的纯电动大巴车辆（型号：FDG6113EVG3,cb325c25eb404228872faa7e00fe76e0
3,富天达车行、文富提交锂电池照片、实物等证据证明其于2016年9月18日向秦秋来出售的锂电池系广州市肱力电子有限公司生产的宏利牌锂电池,1322f58028b743dab177a9b400a5a3a9
3,货物为YOKOMA牌镍氢电池,be090e4f08ff43bebaa8a8bc0096b64e
3,汇宇蓝川公司主张其向佳博利公司购买的型号为505573的聚合物电池即为火灾事故认定书上记载的2300HA聚合物电池,37a5c316116c42299af4a85100ef004e
3,没有H4549691600mAh型号电池,746834e9d31140c08fa2ae6cc5db0a8d
3,没有H4549691600mAh型号电池,c2073390de784c8d91d104dadf34dd66
3,3台火灾事故汽车的实际单体电池型号、BMS型号与涉案车辆的备案的单体电池型号、BMS型号均不同,17b63ca5bc7e4a048fc1ab2600928433
3,其中包括150Ah/12VXX牌蓄电池256只,24adb8cb50234b34862bab2b000f2c67
3,约定：由同鑫公司向瑞芯公司提供MF100-12型号（80AH）铅酸蓄电池1424节、MF200-12型号（180AH）铅酸蓄电池128节,c44812a2eb144a9c97a9aab700f0b7b3
3,用随身携带的工具将一块12V100A双登牌蓄电池、两根70平米电池专用连接线、一块接地保护牌和一根10米长的铜线盗走,6b4d6713e976438fab4da9f901214a4e
3,电池品牌PCM,2c4415bfd6144c5788783f27bb351a19
3,单据上注明的“平衡充”及“简易平衡充”均为思科达公司生产的B3PRO型锂电池平衡充电器,e5d422c8654a4bac8b432169b68951a0
3,星恒公司提供了中认英泰（苏州）检测技术有限公司出具的针对型号为XH370-13J(10IMP18/66/133(13)-001)的《锂电池危险货物分类定级试验报告》和吴江出入境检验检疫局电池产品检测实验室出具的针对型号为XH06-370-11J(10IMP18/66/133(11)-006)的《检测报告》,d213b96033ff4f08ab6fa84d00b0fab2
3,原告使用被告惠州三星电子有限公司生产的型号为SM-G9350（S7）三星手机在充电过程中自行发生爆炸,7e276bccc67b43adb741a96b0107da4c
3,货物为YOKOMA牌镍氢电池,be090e4f08ff43bebaa8a8bc0096b64e
3,汇宇蓝川公司主张其向佳博利公司购买的型号为505573的聚合物电池即为火灾事故认定书上记载的2300HA聚合物电池,37a5c316116c42299af4a85100ef004e
3,未使用“BAK”品牌的电芯是导致笔记本电池自燃爆炸的原因,4dd5f6cef11b4f18a33353e825e4bf9f
3,双方合同约定：银麟公司向科特高公司采购产品型号为ICR18650*3P3S的锂电池组,4a74162076e74a1a8123a755010f4c56
3,其中包括150Ah/12VXX牌蓄电池256只,24adb8cb50234b34862bab2b000f2c67
3,发现了大量由福斯特新能源公司生产的有公司LOGO编码的18650圆柱形电池,1382820469d0408ba272a85700d2ffe7
3,七喜数码公司职员宋雷发邮件给原告称原告交付的一块H711型号手机的电池发生爆炸事故,322f0defcac349cdba3f36d00241634e
3,七喜数码公司职员宋雷发邮件给原告称原告交付的一块H711型号手机的电池发生爆炸事故,2935c55532854927b5524bf8a9aa94ae
3,《索赔函》主要内容为欧尔能公司提供米语公司的X12/296277PL、X16/315962PL、X17/315962PL三个型号的电池出现多次爆炸和鼓胀及其他电芯质量问题,7872c2778cb848a58ad8ab3600bfc980
3,分别约定鹏森公司提供型号为U5、电芯编号为406783的电池5000只、25000只、20000只,b6de5933e75a42d1b008aad8010ef438
3,分别约定鹏森公司提供型号为U5、电芯编号为406783的电池5000只、25000只、20000只,2fe53cfe00f3441bbf2eab2100f9c3f1
3,由鼎识公司向睿奕公司采购ER14505-3等型号的电池,37767397c68b4459901faae000c2ee48
3,富天达车行、文富提交锂电池照片、实物等证据证明其于2016年9月18日向秦秋来出售的锂电池系广州市肱力电子有限公司生产的宏利牌锂电池,1322f58028b743dab177a9b400a5a3a9
3,原告使用被告惠州三星电子有限公司生产的型号为SM-G9350（S7）三星手机在充电过程中自行发生爆炸,7e276bccc67b43adb741a96b0107da4c
3,原告李林武在郭正强处购买了两个被告奥克莱公司生产的200AH容量的起动型干荷式铅酸蓄电池,a10e710ba84649be9091a81701731b48
3,未使用“BAK”品牌的电芯是导致笔记本电池自燃爆炸的原因,4dd5f6cef11b4f18a33353e825e4bf9f
3,于居林在谢闯处购买双帆公司生产的150AM蓄电池一只,790a8dfc2a944849b7eb288195bc44e7
3,3、星宝通公司认为××××××采购合同项下的200个i8电池（型号：××××）系赠品,d3abe1a0e6434d098cb7a9aefd2ecc9f
3,深圳市环通检测技术有限公司对X1型号的小能人多功能汽车应急启动电源的标记和说明、跌落、电池样品充放电容量进行测试并出具《检验报告》,d406f991e5d94bda81eeab34010b647d
3,由原告向被告采购ER14505-3等型号的电池,9818e7ba0be147a68b12aa4600a55fe1
3,涉案蓄电池外壳标注有蓄电池的信息其型号为6-QA-200（780）,0b9fdbf06d8e4b2bb08da9c20006d707
3,浩洋公司为铃本公司供应电动车上的锂电池（型号：48V12Ah、60V12Ah）,219a0bcfcc034ccaae3fa9c40121968d
3,八、双方争议问题：涉案平衡车是否存在质量问题？22、3B公司为证明硕颖公司生产的平衡车存在质量问题提供了如下证据：①、美利坚合众国相关机构出具的四单SwagwayX1型平衡车电池着火的报告,4a5d5e249a1447049055a9b4008fd2a3
3,原告李林武在郭正强处购买了两个被告奥克莱公司生产的200AH容量的起动型干荷式铅酸蓄电池,c9a7a073ca964f20acf9a83f0173def5
3,《索赔函》主要内容为欧尔能公司提供米语公司的X12/296277PL、X16/315962PL、X17/315962PL三个型号的电池出现多次爆炸和鼓胀及其他电芯质量问题,7872c2778cb848a58ad8ab3600bfc980
3,分别约定鹏森公司提供型号为U5、电芯编号为406783的电池5000只、25000只、20000只,b6de5933e75a42d1b008aad8010ef438
3,分别约定鹏森公司提供型号为U5、电芯编号为406783的电池5000只、25000只、20000只,2fe53cfe00f3441bbf2eab2100f9c3f1
3,由鼎识公司向睿奕公司采购ER14505-3等型号的电池,37767397c68b4459901faae000c2ee48
3,富天达车行、文富提交锂电池照片、实物等证据证明其于2016年9月18日向秦秋来出售的锂电池系广州市肱力电子有限公司生产的宏利牌锂电池,1322f58028b743dab177a9b400a5a3a9
3,原告使用被告惠州三星电子有限公司生产的型号为SM-G9350（S7）三星手机在充电过程中自行发生爆炸,7e276bccc67b43adb741a96b0107da4c
3,原告李林武在郭正强处购买了两个被告奥克莱公司生产的200AH容量的起动型干荷式铅酸蓄电池,a10e710ba84649be9091a81701731b48
3,未使用“BAK”品牌的电芯是导致笔记本电池自燃爆炸的原因,4dd5f6cef11b4f18a33353e825e4bf9f
3,于居林在谢闯处购买双帆公司生产的150AM蓄电池一只,790a8dfc2a944849b7eb288195bc44e7
3,3、星宝通公司认为××××××采购合同项下的200个i8电池（型号：××××）系赠品,d3abe1a0e6434d098cb7a9aefd2ecc9f
3,深圳市环通检测技术有限公司对X1型号的小能人多功能汽车应急启动电源的标记和说明、跌落、电池样品充放电容量进行测试并出具《检验报告》,d406f991e5d94bda81eeab34010b647d
3,由原告向被告采购ER14505-3等型号的电池,9818e7ba0be147a68b12aa4600a55fe1
3,涉案蓄电池外壳标注有蓄电池的信息其型号为6-QA-200（780）,0b9fdbf06d8e4b2bb08da9c20006d707
3,浩洋公司为铃本公司供应电动车上的锂电池（型号：48V12Ah、60V12Ah）,219a0bcfcc034ccaae3fa9c40121968d
3,八、双方争议问题：涉案平衡车是否存在质量问题？22、3B公司为证明硕颖公司生产的平衡车存在质量问题提供了如下证据：①、美利坚合众国相关机构出具的四单SwagwayX1型平衡车电池着火的报告,4a5d5e249a1447049055a9b4008fd2a3
3,原告李林武在郭正强处购买了两个被告奥克莱公司生产的200AH容量的起动型干荷式铅酸蓄电池,c9a7a073ca964f20acf9a83f0173def5
3,其中包括150Ah/12V瑞达牌蓄电池256只,7950993cf5d94ca18d03ab15017e5615
3,约定Z公司向五洲龙公司采购用于五洲龙公司生产的纯电动大巴车辆（型号：FDG6113EVG3,cb325c25eb404228872faa7e00fe76e0
3,富天达车行、文富提交锂电池照片、实物等证据证明其于2016年9月18日向秦秋来出售的锂电池系广州市肱力电子有限公司生产的宏利牌锂电池,1322f58028b743dab177a9b400a5a3a9
3,汇宇蓝川公司主张其向佳博利公司购买的型号为505573的聚合物电池即为火灾事故认定书上记载的2300HA聚合物电池,37a5c316116c42299af4a85100ef004e
3,八、双方争议问题：涉案平衡车是否存在质量问题？22、3B公司为证明硕颖公司生产的平衡车存在质量问题提供了如下证据：①、美利坚合众国相关机构出具的四单SwagwayX1型平衡车电池着火的报告,4a5d5e249a1447049055a9b4008fd2a3
3,涉案的电池型号为48V18AH90公里,3588fdc2b00a463bb57fa7cf01015939
3,原告主张其向被告购买的型号为505573的聚合物电池即为火灾事故认定书上记载的2300HA聚合物电池,0bc30e3dc0b64c46a648fde8d0861d70
3,前述报告载明：被告生产的BC06型号笔记本电脑电池电能48瓦特时,73c1abf2611a4acf95d8a85c009c04a6
3,被告提供给买方BetterBattPty.Ltd的所有型号的笔记本电脑锂电池经检测,7f8242f81b944f709003ab1100f0b2ea
3,单据上注明的“平衡充”及“简易平衡充”均为思科达公司生产的B3PRO型锂电池平衡充电器,e5d422c8654a4bac8b432169b68951a0
3,由鼎识公司向睿奕公司采购ER14505-3等型号的电池,37767397c68b4459901faae000c2ee48
3,约定Z公司向五洲龙公司采购用于五洲龙公司生产的纯电动大巴车辆（型号：FDG6113EVG3,cb325c25eb404228872faa7e00fe76e0
3,该手机外包装标注商品名称/型号：TD-LTE数字移动电话机/A1524,06b9ceb5b3b542a8b74fa98b00c719c7
3,该手机外包装标注商品名称/型号：TD-LTE数字移动电话机/A1524,faaa6bde3f7b40e29b74a9c300453da2
3,该手机外包装标注商品名称/型号：TD-LTE数字移动电话机/A1524,06b9ceb5b3b542a8b74fa98b00c719c7
3,经本院审理认定事实如下：原告那松乌力吉于2016年6月12日从被告正蓝旗上都镇深科手机店购买了型号为SM-G9350（S7）三星手机一部,1a8edc7dc52344f1b9cea9b300e3abd7
3,该手机外包装标注商品名称/型号：TD-LTE数字移动电话机/A1524,faaa6bde3f7b40e29b74a9c300453da2
3,该手机外包装标注商品名称/型号：TD-LTE数字移动电话机/A1524,06b9ceb5b3b542a8b74fa98b00c719c7
3,经本院审理认定事实如下：原告那松乌力吉于2016年6月12日从被告正蓝旗上都镇深科手机店购买了型号为SM-G9350（S7）三星手机一部,1a8edc7dc52344f1b9cea9b300e3abd7
3,胡凌锋向彭文个体经营的浙江科恩电器专卖店购买了整套厨房用具（包括油烟机（型号CXW-238-C71）、燃气灶、消毒柜、整体橱柜）,3ccc4914453840eab057a7c100a0e1e3
3,胡凌锋向彭文个体经营的浙江科恩电器专卖店购买了整套厨房用具（包括油烟机（型号CXW-238-C71）、燃气灶、消毒柜、整体橱柜）,123858f183b748928e99a7c100a0e274
3,购买了一台第三人公司生产的巧太太牌燃气灶,d53b007f5e2d43f4abb9a77b00c31983
3,何庆国在凯旋公司购买了一台由樱雪公司生产的樱雪牌燃气灶,7c26a22379de4281b99aa851009d6bc9
3,引起该火灾的冰箱系合肥美菱公司所生产的BCD-181BCA型号,23792d319dda4c86a145a90800840e30
3,引起该火灾的冰箱系合肥美菱公司所生产的BCD-181BCA型号冰箱,9e6372971256412ba5daa90800840e3a
3,引起该火灾的冰箱系美菱公司所生产的BCD-181BCA型号,c53a3ce9953a44e99974a8f800edb690
3,引起该火灾的冰箱系美菱公司所生产的BCD-181BCA型号,ca5068b0d40d4e8daf0fa98501789960
3,鉴定意见所指的“3号冰箱”即为型号为“KSV-410D”的冷柜,6090f13f21d24f67abe9337059190670
3,原告李某甲在被告九龙公司购买了被告晶弘公司生产的“晶弘冰箱BC-95”一台,e37bef4ec707466ebf2bf43736d5b286
3,型号为：美菱冰箱BCD-171LCX,4ea6871649f349bdb3fdaa8500a12c93
3,原告吴承国在被告宋培群处购买的型号为航天民生BCD-188AK的冰箱为上海尊贵电器有限公司所生产,051d896263ad42ac9dfdaae40165977c
3,原告李慧芳在被告九龙公司购买了被告晶弘公司生产的“晶弘冰箱BC-95”一台,317347fb0c6b4e188bbd80895012b48c
3,鉴定意见所指的“3号冰箱”即为型号为“KSV-410D”的冷柜,6090f13f21d24f67abe9337059190670
3,鸿星尔克公司于2008年8月通过向案外人福建省渚港建工发展有限公司采购了包括型号为“KF-120DLW/SY-B”的美的牌单元式空调机,3c448ce878e040af956aaab700a2e489
3,该水冷柜机的铭牌型号是L130S／C-N1,f431abfd992f4c8394a2af29fc086b38
3,着火点位于产房西南边的美的空调室内机［室内机型号：KFR-120LW／SDNY-GC（R3）］,d023709d1007458687382352cc11931a
3,该水冷柜机的铭牌型号是L130S／C-N1,68e72026f62941ea9b113724fe7564a5
3,着火点位于产房西南边的美的空调室内机［室内机型号：KFR-120LW／SDNY-GC（R3）］,60ac50272fdd442987dadfe185b3701d
3,依照武汉红星美凯龙环球家居广场发展有限公司出具的《定/销货单》显示：肖敏所购两台“格力冷静王—Ⅱ变频3空调（型号KFR-260w/(26583)FNAa-A3）”,98e271878cbd4a74b85ea96800a8bfdf
3,原告雷二伟在被告新星商行购买型号为KFR50520N2的格力空调一台,0e41122c1b08441baa7d00d55b02aeaf
3,原告雷二伟在被告新星商行购买型号为KFR50520N2的格力空调一台,6ddf710042f24483bc8e3942144f4f7a
3,天下城公司购买的由格力公司生产的“格力”牌分体热泵型天井式房间空调器,6b225eb299ac4e88af7da9cf0011367d
2,王惊天在海宁饭庄403室房间内为其自有的雅迪牌电动自行车的锂电池进行充电,392426977efc4e8db794a576ad242e59
2,原告吴雷江以212800元的价格从被告丰雅公司购买四川一汽丰田汽车有限公司生产的丰田牌多用途乘用车一辆,46a73976c8034e90a06eaafb00cb0df1
2,秋飞电动车经营部在《送货单》上明确记载陈海飞购买的“翔能48V20A”电池的规格为“一组”,57b2092434a546629d39a944012c11f9
2,虽然证人陈述起火的货架摆放的是鹏辉公司和云通公司生产的电池,23b86b03fcf045ae944da9050104d10b
2,张廷俊向小师傅公司交纳锂电池租赁押金后取得涉讼60V20Ah锂电池,876529f8e349435d9ca2a8d500a321a3
2,王邓中陈述被告紫建电子公司提供的锂电池发生过自燃现象,44ca310c01574d89be8ca85100f239ec
2,约定：1、久和公司向安德丰公司购买编号为BA.J18B.704260的电池51500件,b75d4442d7e642dbb35312cf6c0b5426
2,但主张应当扣除当月送货的2200MAH型号电芯的返利0.8元／只,2134497ab71248e2875317fa962a2db1
2,原告吴雷江以212800元的价格从被告丰雅公司购买四川一汽丰田汽车有限公司生产的丰田牌多用途乘用车一辆,22794a837cab4fbdb9efaaa100b6d1ff
2,约定：（1）购买型号为F24DR18650电芯,b3cdcb6ff77544a7b71ca9ba00a438d0
2,电池组内充放电保护板MOS管存在D极和S极短路现象,e9f807968cea45d987d1a951011fb87d
2,2017年8月23日12时原告在执行市政任务时被水浸导致涉案大巴车电池起火后报险（报案号：RDZA201744040000063834）,043a316d029240329f17a8f600a02a31
2,2、该批电池不是恒泰骏业公司生产的,a02b90ac599c4e688a15a85700d2ea87
2,型号为BN6020LE,22ae6905f115406ca4faa85700da40ad
2,惠宝童于2015年8月28日再次通过淘宝网向深圳远腾锂电销售部购买了方形款48V20h包邮送充电器电动车锂电池,3c9661a0cae048fb8240a7bc0010b58e
2,合同约定：一、产品名称：（定牌）蓄电池,ac2f6ed5d6ba41a7a1d903e6d6e256d9
2,又与被告光大公司签订了“蓝新牌”锂电池售后服务质量保证协议,0ef65ae7829848f5aeeea86582a2a177
2,被告研发中心测试中心安全与可靠性实验室在进行JI303电池模块放电测试时起火,6adaee76611746baa5b75eb0c3083d7e
2,被告研发中心测试中心安全与可靠性实验室在进行JI303电池模块放电测试时起火,61b4c4ea514c410287c2807dffd374c6
2,被告提交的经原告确认真实性的证据《锂电池生产安全要求》第5.1.1条a款内容为：“新建、改建、扩建应符合GB50016-2006的要求,dba38102c47742a3b1ed9fefcc23a66c
2,产品型号为蓝猫锂电TDT626Z,b7b89ae97766486da9f9bf2ac446b091
2,被告王惊天在该酒店宾馆403室房间内为其自有的雅迪牌电动自行车的锂电池进行充电,3b1d205766304473aa02a9c401013920
2,王惊天在海宁饭庄403室房间内为其自有的雅迪牌电动自行车的锂电池进行充电,392426977efc4e8db794a576ad242e59
2,原告吴雷江以212800元的价格从被告丰雅公司购买四川一汽丰田汽车有限公司生产的丰田牌多用途乘用车一辆,46a73976c8034e90a06eaafb00cb0df1
2,秋飞电动车经营部在《送货单》上明确记载陈海飞购买的“翔能48V20A”电池的规格为“一组”,57b2092434a546629d39a944012c11f9
2,虽然证人陈述起火的货架摆放的是鹏辉公司和云通公司生产的电池,23b86b03fcf045ae944da9050104d10b
2,张廷俊向小师傅公司交纳锂电池租赁押金后取得涉讼60V20Ah锂电池,876529f8e349435d9ca2a8d500a321a3
2,王邓中陈述被告紫建电子公司提供的锂电池发生过自燃现象,44ca310c01574d89be8ca85100f239ec
2,约定：1、久和公司向安德丰公司购买编号为BA.J18B.704260的电池51500件,b75d4442d7e642dbb35312cf6c0b5426
2,但主张应当扣除当月送货的2200MAH型号电芯的返利0.8元／只,2134497ab71248e2875317fa962a2db1
2,鸿愃公司提供的锂电池发生自燃,c79eceab74b54534b405e83019e68f81
2,李鸿伟在其居住的北京市东城区和平里七区xx号楼323室（以下简称323室）房屋内对电池进行充电,58343576c2954ad08d67aad4008f2eb3
2,原告吴雷江以212800元的价格从被告丰雅公司购买四川一汽丰田汽车有限公司生产的丰田牌多用途乘用车一辆,22794a837cab4fbdb9efaaa100b6d1ff
2,约定：（1）购买型号为F24DR18650电芯,b3cdcb6ff77544a7b71ca9ba00a438d0
2,电池组内充放电保护板MOS管存在D极和S极短路现象,e9f807968cea45d987d1a951011fb87d
2,2017年8月23日12时原告在执行市政任务时被水浸导致涉案大巴车电池起火后报险（报案号：RDZA201744040000063834）,043a316d029240329f17a8f600a02a31
2,2、该批电池不是恒泰骏业公司生产的,a02b90ac599c4e688a15a85700d2ea87
2,型号为BN6020LE,22ae6905f115406ca4faa85700da40ad
2,惠宝童于2015年8月28日再次通过淘宝网向深圳远腾锂电销售部购买了方形款48V20h包邮送充电器电动车锂电池,3c9661a0cae048fb8240a7bc0010b58e
2,合同约定：一、产品名称：（定牌）蓄电池,ac2f6ed5d6ba41a7a1d903e6d6e256d9
2,又与被告光大公司签订了“蓝新牌”锂电池售后服务质量保证协议,0ef65ae7829848f5aeeea86582a2a177
2,被告研发中心测试中心安全与可靠性实验室在进行JI303电池模块放电测试时起火,6adaee76611746baa5b75eb0c3083d7e
2,被告研发中心测试中心安全与可靠性实验室在进行JI303电池模块放电测试时起火,61b4c4ea514c410287c2807dffd374c6
2,被告提交的经原告确认真实性的证据《锂电池生产安全要求》第5.1.1条a款内容为：“新建、改建、扩建应符合GB50016-2006的要求,dba38102c47742a3b1ed9fefcc23a66c
2,产品型号为蓝猫锂电TDT626Z,b7b89ae97766486da9f9bf2ac446b091
2,被告王惊天在该酒店宾馆403室房间内为其自有的雅迪牌电动自行车的锂电池进行充电,3b1d205766304473aa02a9c401013920
2,朱诺所有的苏CD34567新能源电动车起火原因为电池包故障引起,37cdf80f22454c369a1eab2000a02195
2,粤Ｘ×××××号吉利知豆D2电动小轿车于2016年12月27日注册上牌,815171a1b2c04b69984ea9a50100b6e4
2,秋飞电动车经营部在《送货单》上明确记载陈海飞购买的“翔能48V20A”电池的规格为“一组”,57b2092434a546629d39a944012c11f9
2,虽然证人陈述起火的货架摆放的是鹏辉公司和云通公司生产的电池,23b86b03fcf045ae944da9050104d10b
2,三、欧能公司质量异议能否成立问题欧能公司主张其因广州鹏辉公司提供的电池存在质量问题向客户支付赔偿费用、召回相关产品、缴纳罚款,41b227c259414691bd74a89700a20bc0
2,18650-2400mAh电池出现爆炸、起火现象,7f8142b90fdf489da0d0a8510095fa8f
2,起火点为老化架上DVD内的锂电池,99578493fc594d08b8f8a85100f30de9
2,且瑞特安公司、博力康公司双方也多次通过联络函、QQ聊天等形式对电池质量问题进行过协商处理,5cc8257e0ea648fe838fa85101013ee4
2,王邓中陈述被告紫建电子公司提供的锂电池发生过自燃现象,44ca310c01574d89be8ca85100f239ec
2,无法确认东莞富豪公司仓库内的锂电池自燃是东恒公司提供的产品存在质量问题,de6ba2dc9a4d47479bcf06ecc1a587b2
2,鸿愃公司提供的锂电池发生自燃,c79eceab74b54534b405e83019e68f81
2,本铃公司原审期间辩称并提出反诉主张：振龙公司提供的蓄电池存在严重质量问题并导致火灾,67be04415bd54a318a67e03edd364bb0
2,货架上摆放了45台成品便携电源（型号均为ES500-C,6eb28d1cc7af4489b904aa33013a6622
2,动力公司于同年10月6日重新补货98组捷盾牌锂电池的事实,26fc25e5f0ce466cbb71a9d000be52c2
2,起火点为老化架上DVD内的锂电池,8fc9f3d2ad164afe87a7a74300b37125
2,王邓中陈述被告紫建电子公司提供的锂电池发生过自燃现象,b75bee171fae477fac83516200e996ea
2,作为锂电池CP线的导针2采用铜铁合金材料,de3767d19e334078b241aaf8002bcae1
2,该协议还约定了UL2271出口认证电池组质保期为15个月,132967b9e1c945e48df3aaed008fcf34
2,鼎浩兴公司提供的QQ聊天记录为打印件,90e71f6f27cc471aa071ab26011a1074
2,证明蓄电池标称电压为60V-72V,bb9688f3356d43dea0eeaab8010e4341
2,武进公司对电动保洁船配套的6QA195蓄电池爆炸原因申请鉴定,9289280b875342feb60aaa63009c545d
2,瑞兴牌免维护蓄电池使用说明书中注意事项第5条规定：“请注意遵循电池上的安全警示标识”,bb7f3b23213746539f1baa7a00f91240
2,型号为ADMR-1286135PL(10Ah),5d9e2ef9a0594d0c8bcfaa88017fdd37
2,对地下室发电机室内的两台型号为KM2100E的科泰柴油发电机组进行初级维护保养,af1f882b41a043cbb8e5a9c50185a826
2,对地下室发电机室内的两台型号为KM2100E的科泰柴油发电机组进行初级维护保养,16397078cdc04aa18286a9c50185a8d7
2,型号:A1542CMITID:2014CJ9408IMEI:356995067065905,faaa6bde3f7b40e29b74a9c300453da2
2,承诺2017年1月初至2017年8月31日内向天劲公司采购UL扭扭车36V4AH（18650电芯10S2P）国产电池组,938c9e90da4b489a865ea9c7001dc798
2,电池爆炸的原因是由于东恒公司生产的电芯存在质量问题而造成的,abdfabd16f1f440da875a9b600cfceed
2,作为锂电池CP线的导针2采用铜铁合金材料,17fee34edf1e4ea38286a89700109aeb
2,梁灿光驾驶自有的车牌号为Y151F5厢式货车到三家合作物流公司在佛山市南海区里水镇的广和物流园货物流转中心装载货物运往禅城区,00e2071524914c01b679a7d000cdf50f
2,陈红英从吴江区黎里镇桂华农机配件店购买了由统一牌干荷式汽车用蓄电池一只,27dbfa39c3e744d1a380a7a10153556f
2,且瑞特安公司、博力康公司双方也多次通过联络函、QQ聊天等形式对电池质量问题进行过协商处理,5cc8257e0ea648fe838fa85101013ee4
2,约定：1、久和公司向安德丰公司购买编号为BA.J18B.704260的电池51500件,b75d4442d7e642dbb35312cf6c0b5426
2,物料清单：证明P073电芯系奥德圣公司提供的电芯,1f736a09ea77479da7e3bfa8a737212f
2,周胜利在购进的车架上配套安装天津钟阳公司提供的锂电池和充电器后销售给张群基,1221cbac98cd4f89924e9467e9d50401
2,李乐朋在郴州机电公司处购买了由一汽-大众公司生产的车架号为LFV3A24F8A3086249的奥迪牌AUDI小轿车一辆,8f04c472f696430c8ebccc2e19a4df82
2,曹昭华的表弟李乐朋在郴州机电公司处购买了由一汽-大众公司生产的车架号为LFV3A24F8A3086249的奥迪牌AUDI小轿车一辆,ae656c276c454078a2bea45433bbaeb2
2,斯亚特公司补充以下上诉意见：博能公司提供的电池发生爆炸,3840a8acb9f04d8db706b744105b2d53
2,比比科公司提供的物证爆炸手机所配备的电池,064d2d5526b943f6a829ef5fa74f5de5
2,2018年3月27日原告在被告张艳丽门市部购买一只由被告成都川西蓄电池（集团）有限公司生产的蓄电池,31686707841243b1b247aaf600893716
2,李鸿伟在其居住的北京市东城区和平里七区xx号楼323室（以下简称323室）房屋内对电池进行充电,58343576c2954ad08d67aad4008f2eb3
2,证明蓄电池标称电压为60V-72V,85180037ed7a49da9eb0aa5e00d80fe1
2,第四组证据《民用铅酸蓄电池安全技术规范》（GB/T32504-2016）,c1a3ee088d8247dfb2afaa9c012afcf5
2,原告为此向本院提交了《联络单》《联络函》《供销商品质保证联络函》《供应商通告函》《关于凤凰电芯异常事件描述表》《关于X6电池质量问题联络函》《邮件截图打印件》《质量风险警示函》以及通话录音和电池爆炸变形图片等证据,92660a0fc22a40368777ab3b00af4494
2,原告罗世城以淘宝账号“江江lsc”通过淘宝交易平台购买了“二手36V锂电瓶铝合金外壳10串锂电池组电动车蓄电池特价处理包”（以下简称二手锂电池）1件,ddd43c411b124bfaa2d5a9c60111593f
2,型号为ADMR-1286135PL(10Ah),c8cbe0c18b9d4f80913aa9850100e577
2,型号:A1542CMITID:2014CJ9408IMEI:356995067065905,06b9ceb5b3b542a8b74fa98b00c719c7
2,对地下室发电机室内的两台型号为KM2100E的科泰柴油发电机组进行初级维护保养,a5fa549c1b984dbf8681ab1400a4be1c
2,双方确认参照《南孚牌碱性锌锰电池的商标图形和结构特征》及以被告南孚公司提交的两枚电池作为鉴定样本,8c4d5b6fe47042979f66a96801739576
2,电池组内充放电保护板MOS管存在D极和S极短路现象,e9f807968cea45d987d1a951011fb87d
2,陈红英从农机店购买了由统一牌干荷式汽车用蓄电池一只,bdc6fc3ce49b4abda461a8eb011042f7
2,被告明科公司提供的C1系打印件,427d48f9dbe5422fb313a8a4016857e1
2,送货单显示原告向被告送D2电池等货物,0e77e6b5ebfb4a2f91b9a7ad0118404d
2,原告驾驶自有的车牌号Y151F5厢式货车按往常到三家合作物流公司在佛山市南海区里水镇的广和物流园的货物流转中心装载货物运往禅城区,aa9022884b72418a84b2a84a009bfb8d
2,认为腾跃公司提供的证据3赔偿协议中所涉爆炸电池不是太行公司的电池,d5514b43929d482380a06969e89c37ca
2,e6纯电动车（车型号为QCJ7006BEVF）获得工信部汽车企业及产品公告以及中国质量认证中心的3C认证证书,e87a905823214a6184a5f3d622a283c2
2,e6纯电动车（车型号为QCJ7006BEVF）获得工信部汽车企业及产品公告以及中国质量认证中心的3C认证证书,82a91d9d8fcd40c89ef3e77b2e7543d2
2,e6纯电动车（车型号为QCJ7006BEVF）获得工信部汽车企业及产品公告以及中国质量认证中心的3C认证证书,6d55406ae61e4a92ad1c375d9c786065
2,原告在被告王恒军经营的泗洪县蓄电池销售部购买天缘牌165型铅铝蓄电池一块、充电器一块,f27c1fe4a9e24cf1b2d778df01fada8e
2,希望您补充以下资料：1、4000组电池组每组电池组117.45元的详细BOM清单即电池组的组成及其单价,106764c54da54871bfd2d2c892487332
2,作为锂电池CP线的导针2采用铜铁合金材料,de3767d19e334078b241aaf8002bcae1
2,该协议还约定了UL2271出口认证电池组质保期为15个月,132967b9e1c945e48df3aaed008fcf34
2,鼎浩兴公司提供的QQ聊天记录为打印件,90e71f6f27cc471aa071ab26011a1074
2,证明蓄电池标称电压为60V-72V,bb9688f3356d43dea0eeaab8010e4341
2,武进公司对电动保洁船配套的6QA195蓄电池爆炸原因申请鉴定,9289280b875342feb60aaa63009c545d
2,瑞兴牌免维护蓄电池使用说明书中注意事项第5条规定：“请注意遵循电池上的安全警示标识”,bb7f3b23213746539f1baa7a00f91240
2,型号为ADMR-1286135PL(10Ah),5d9e2ef9a0594d0c8bcfaa88017fdd37
2,对地下室发电机室内的两台型号为KM2100E的科泰柴油发电机组进行初级维护保养,af1f882b41a043cbb8e5a9c50185a826
2,对地下室发电机室内的两台型号为KM2100E的科泰柴油发电机组进行初级维护保养,16397078cdc04aa18286a9c50185a8d7
2,型号:A1542CMITID:2014CJ9408IMEI:356995067065905,faaa6bde3f7b40e29b74a9c300453da2
2,承诺2017年1月初至2017年8月31日内向天劲公司采购UL扭扭车36V4AH（18650电芯10S2P）国产电池组,938c9e90da4b489a865ea9c7001dc798
2,电池爆炸的原因是由于东恒公司生产的电芯存在质量问题而造成的,abdfabd16f1f440da875a9b600cfceed
2,作为锂电池CP线的导针2采用铜铁合金材料,17fee34edf1e4ea38286a89700109aeb
2,梁灿光驾驶自有的车牌号为Y151F5厢式货车到三家合作物流公司在佛山市南海区里水镇的广和物流园货物流转中心装载货物运往禅城区,00e2071524914c01b679a7d000cdf50f
2,陈红英从吴江区黎里镇桂华农机配件店购买了由统一牌干荷式汽车用蓄电池一只,27dbfa39c3e744d1a380a7a10153556f
2,且瑞特安公司、博力康公司双方也多次通过联络函、QQ聊天等形式对电池质量问题进行过协商处理,5cc8257e0ea648fe838fa85101013ee4
2,约定：1、久和公司向安德丰公司购买编号为BA.J18B.704260的电池51500件,b75d4442d7e642dbb35312cf6c0b5426
2,物料清单：证明P073电芯系奥德圣公司提供的电芯,1f736a09ea77479da7e3bfa8a737212f
2,周胜利在购进的车架上配套安装天津钟阳公司提供的锂电池和充电器后销售给张群基,1221cbac98cd4f89924e9467e9d50401
2,李乐朋在郴州机电公司处购买了由一汽-大众公司生产的车架号为LFV3A24F8A3086249的奥迪牌AUDI小轿车一辆,8f04c472f696430c8ebccc2e19a4df82
2,曹昭华的表弟李乐朋在郴州机电公司处购买了由一汽-大众公司生产的车架号为LFV3A24F8A3086249的奥迪牌AUDI小轿车一辆,ae656c276c454078a2bea45433bbaeb2
2,斯亚特公司补充以下上诉意见：博能公司提供的电池发生爆炸,3840a8acb9f04d8db706b744105b2d53
2,比比科公司提供的物证爆炸手机所配备的电池,064d2d5526b943f6a829ef5fa74f5de5
2,原告在检查玩具中的南孚牌电池时,32ac317644a44b1d94dfaae8017f9e01
2,2018年3月27日原告在被告张艳丽门市部购买一只由被告成都川西蓄电池（集团）有限公司生产的蓄电池,31686707841243b1b247aaf600893716
2,李鸿伟在其居住的北京市东城区和平里七区xx号楼323室（以下简称323室）房屋内对电池进行充电,58343576c2954ad08d67aad4008f2eb3
2,证明蓄电池标称电压为60V-72V,85180037ed7a49da9eb0aa5e00d80fe1
2,第四组证据《民用铅酸蓄电池安全技术规范》（GB/T32504-2016）,c1a3ee088d8247dfb2afaa9c012afcf5
2,原告为此向本院提交了《联络单》《联络函》《供销商品质保证联络函》《供应商通告函》《关于凤凰电芯异常事件描述表》《关于X6电池质量问题联络函》《邮件截图打印件》《质量风险警示函》以及通话录音和电池爆炸变形图片等证据,92660a0fc22a40368777ab3b00af4494
2,原告罗世城以淘宝账号“江江lsc”通过淘宝交易平台购买了“二手36V锂电瓶铝合金外壳10串锂电池组电动车蓄电池特价处理包”（以下简称二手锂电池）1件,ddd43c411b124bfaa2d5a9c60111593f
2,型号为ADMR-1286135PL(10Ah),c8cbe0c18b9d4f80913aa9850100e577
2,型号:A1542CMITID:2014CJ9408IMEI:356995067065905,06b9ceb5b3b542a8b74fa98b00c719c7
2,对地下室发电机室内的两台型号为KM2100E的科泰柴油发电机组进行初级维护保养,a5fa549c1b984dbf8681ab1400a4be1c
2,双方确认参照《南孚牌碱性锌锰电池的商标图形和结构特征》及以被告南孚公司提交的两枚电池作为鉴定样本,8c4d5b6fe47042979f66a96801739576
2,电池组内充放电保护板MOS管存在D极和S极短路现象,e9f807968cea45d987d1a951011fb87d
2,陈红英从农机店购买了由统一牌干荷式汽车用蓄电池一只,bdc6fc3ce49b4abda461a8eb011042f7
2,被告明科公司提供的C1系打印件,427d48f9dbe5422fb313a8a4016857e1
2,送货单显示原告向被告送D2电池等货物,0e77e6b5ebfb4a2f91b9a7ad0118404d
2,原告驾驶自有的车牌号Y151F5厢式货车按往常到三家合作物流公司在佛山市南海区里水镇的广和物流园的货物流转中心装载货物运往禅城区,aa9022884b72418a84b2a84a009bfb8d
2,认为腾跃公司提供的证据3赔偿协议中所涉爆炸电池不是太行公司的电池,d5514b43929d482380a06969e89c37ca
2,e6纯电动车（车型号为QCJ7006BEVF）获得工信部汽车企业及产品公告以及中国质量认证中心的3C认证证书,e87a905823214a6184a5f3d622a283c2
2,e6纯电动车（车型号为QCJ7006BEVF）获得工信部汽车企业及产品公告以及中国质量认证中心的3C认证证书,82a91d9d8fcd40c89ef3e77b2e7543d2
2,e6纯电动车（车型号为QCJ7006BEVF）获得工信部汽车企业及产品公告以及中国质量认证中心的3C认证证书,6d55406ae61e4a92ad1c375d9c786065
2,原告在被告王恒军经营的泗洪县蓄电池销售部购买天缘牌165型铅铝蓄电池一块、充电器一块,f27c1fe4a9e24cf1b2d778df01fada8e
2,希望您补充以下资料：1、4000组电池组每组电池组117.45元的详细BOM清单即电池组的组成及其单价,106764c54da54871bfd2d2c892487332
2,2013年4月17日的购销合同中的产品为12V-17AH电池16块（单价135元）、12V-38AH电池64块（单价265元）、12V-65AH电池32块（单价375元）、12V-24AH电池36块（单价190元）、12V-17AH电池208块（单价135元）,cfa78555043d45a3ac95a8f80010b5b9
2,18650-2400mAh电池出现爆炸、起火现象,7f8142b90fdf489da0d0a8510095fa8f
2,起火点为老化架上DVD内的锂电池,99578493fc594d08b8f8a85100f30de9
2,周胜利在购进的车架上配套安装天津钟阳公司提供的锂电池和充电器后销售给张群基,1221cbac98cd4f89924e9467e9d50401
2,规格型号57.6V/236AH,fdf9122258a14c878643a9c601352d84
2,2013年4月17日的购销合同中的产品为12V-17AH电池16块（单价135元）、12V-38AH电池64块（单价265元）、12V-65AH电池32块（单价375元）、12V-24AH电池36块（单价190元）、12V-17AH电池208块（单价135元）,007010c5a32148148524a8970010afe8
2,起火点为老化架上DVD内的锂电池,8fc9f3d2ad164afe87a7a74300b37125
2,18650-2400mAh电池出现爆炸、起火现象,0566343a0ef447ca87ee34077d77286b
2,电池二、引证商标一1.注册人：第三人2.注册号：19926493.申请日期：2000年2月23日4.专用权期限至：2023年7月6日5.标志：Panasonic6.核定使用商品（第9类）：灭火设备,bcab43aa766a4dab832dab58000be97d
2,起火点为老化架上DVD内的锂电池,99578493fc594d08b8f8a85100f30de9
2,对涉案火灾事故起火原因认定如下：起火原因为淡村二里5号居民楼一层车辆停放区内车牌号为“南宁15Y81”的两轮电动自行车在充电过程中电瓶故障引燃周围可燃材料造成火灾,a1524eadcafc4ab392a6ab2e00353139
2,动力公司于同年10月6日重新补货98组捷盾牌锂电池的事实,26fc25e5f0ce466cbb71a9d000be52c2
2,起火原因是车牌号（海口）810496的电动自行车在充电过程中电池发生故障起火引燃周围可燃物所致,5440e651857a49c19ceda9540114e5f7
2,型号为BN6020LE,22ae6905f115406ca4faa85700da40ad
2,秦祥自北京欢驰公司处购买广汽本田公司生产的雅阁牌小型轿车一辆,2dba1dfaa48644209fe5aa7a002a5fb2
2,张廷俊向小师傅公司交纳锂电池租赁押金后取得涉讼60V20Ah锂电池,876529f8e349435d9ca2a8d500a321a3
2,秦祥自北京欢驰公司处购买广汽本田公司生产的雅阁牌小型轿车一辆,3608df9c2c9041ccbe6daa7a002a5a94
2,有一辆电动车锂电池（天能牌）在充电过程中发生火灾,6136300daea44e528925aac500b02d32
2,动力公司于同年10月6日重新补货98组捷盾牌锂电池的事实,26fc25e5f0ce466cbb71a9d000be52c2
2,原告向被告小师傅公司交纳锂电池租赁押金后取得涉讼60V20Ah锂电池,e696476e88594fd886d5a8b3009d2d74
2,希望您补充以下资料：1、4000组电池组每组电池组117.45元的详细BOM清单即电池组的组成及其单价,106764c54da54871bfd2d2c892487332
2,手机IMEI码为352023063918185,3f692372a07f46218e28a8180133336a
2,原告于2013年8月26日在恩施八方公司所属卖场购买了型号为GT-l9152ZACHN,5ed5f12e672642e68c86a7ec0127174d
2,另天酷公司的客户还包括深圳市XX通讯股份有限公司在内的知名手机生产与通讯企业等,7e0dbd505d9d4626b82716fd9c653582
2,比比科公司提供的物证爆炸手机所配备的电池,064d2d5526b943f6a829ef5fa74f5de5
2,陈宇谎称三星NOTE7型手机爆炸,7cfdda6eee1943f5b1dba9c2011aaf62
2,微梦公司回函提供了涉案微博用户“流夏Shy”手机号、昵称等信息,800035d2303643679394a97b00131bf5
2,周罡使用账号×××购买倍力奇（POWERQI）无线充电器手机快速充电器一个,0875f26d09c7495c8b37a8d70011a302
2,配有沃德公司生产的48V20A锂电池和富美公司生产的充电器,d21039afdd164c1a8b4da8d7001148f0
2,手机IMEI码为352023063918185,890de6a43fb648c2a928a78901299d5b
2,原告于2013年8月26日在恩施八方公司所属卖场购买了型号为GTl9152ZACHN,e46ddab237e0489ea755a724012838e1
2,由被告向原告供应手机USB充电器,40ae0fe11f634b90b3d92c78744d18b9
2,放置在左侧裤兜里的亿和源牌手机突然爆炸燃烧,0c62081aa82947efaf202c0f55f7f7b5
2,手机IMEI码为352023063918185,3f692372a07f46218e28a8180133336a
2,原告于2013年8月26日在恩施八方公司所属卖场购买了型号为GT-l9152ZACHN,5ed5f12e672642e68c86a7ec0127174d
2,放置在左侧裤兜里的亿和源牌手机突然爆炸燃烧,85e4b717df0d45d8ba1d2ec57efdf7e5
2,另天酷公司的客户还包括深圳市XX通讯股份有限公司在内的知名手机生产与通讯企业等,7e0dbd505d9d4626b82716fd9c653582
2,比比科公司提供的物证爆炸手机所配备的电池,064d2d5526b943f6a829ef5fa74f5de5
2,3、星宝通公司认为××××××采购合同项下的200个i8电池（型号：××××）系赠品,d3abe1a0e6434d098cb7a9aefd2ecc9f
2,陈宇谎称三星NOTE7型手机爆炸,7cfdda6eee1943f5b1dba9c2011aaf62
2,本院确认如下法律事实：1.涉案商品编号为860131030930847的京凯达A28手机于2016年10月6日购买于易发国宇东大街店,0476b338105040a2affba9c5014ed44a
2,微梦公司回函提供了涉案微博用户“流夏Shy”手机号、昵称等信息,800035d2303643679394a97b00131bf5
2,周罡使用账号×××购买倍力奇（POWERQI）无线充电器手机快速充电器一个,0875f26d09c7495c8b37a8d70011a302
2,配有沃德公司生产的48V20A锂电池和富美公司生产的充电器,d21039afdd164c1a8b4da8d7001148f0
2,手机IMEI码为352023063918185,890de6a43fb648c2a928a78901299d5b
2,原告于2013年8月26日在恩施八方公司所属卖场购买了型号为GTl9152ZACHN,e46ddab237e0489ea755a724012838e1
2,由被告向原告供应手机USB充电器,40ae0fe11f634b90b3d92c78744d18b9
2,放置在左侧裤兜里的亿和源牌手机突然爆炸燃烧,0c62081aa82947efaf202c0f55f7f7b5
2,车辆型号为QJ150—18A,778c7e6c73bd40eb8156aa010130f841
2,同时认定vivox21手机事故前价值1900元,2d93a2b24fb44c4ca284aa8c017fe8b1
2,后醉酒（血液中乙醇含量为96mg/100ml）驾驶车牌号为豫Ｅ×××××轿车的被告人田某路过肇事现场时对邵某2只的电动自行车碰剐,584b68b391234fb3b85da98a00d28b09
2,被告赵小飞驾驶冀Ｊ×××××/冀Ｆ×××××号车“欧曼牌”重型半挂车沿新307线由东向西行驶307线31KM+940M交叉路口处,2f66f6338925417d8ed6a87f00109c58
2,被告赵小飞驾驶冀Ｊ×××××/冀Ｆ×××××号车“欧曼牌”重型半挂车沿新307线由东向西行驶307线31KM+940M交叉路口处,bae233c3bdf44f6387ffa87f00109165
2,但表示对手机的品牌及价值不能确认,3b2ea363230d4bdc97e1a79e00f3f89e
2,原告2015年8月在郑州市××区乾耐电脑商行购买的IPHONE6SPLUS手机事故中烧毁,483a60f8a9c445a59d69a72301287aba
2,被告人王刘文驾驶晋XXXX号“解放”牌重型自卸货车沿108线由东向西行驶至734KM+450M处时,a7822b939aef447fbf82f7abf9f0a9b5
2,任罡亚驾驶吉BCM180号“宝来”牌轿车沿松江东路由南向北行驶,13ba4adfe03744379bd665b634801b7e
2,原告提交收据一张主张其于2013年10月29日购买的iphone5S手机事故后经常自动关机,f649d019748049339c804a186a02ad2f
2,评估项目名称如下：吸油烟机（樱雪CXN-268-H1206A）一套、重置成本2600元、成新率90%、评估价值2340元,4c8ad823748d4ed0bfaaa857009aa69a
2,被告向原告购买了部分厨房用具：红日牌抽油烟机一台1800元,ff9953ff8bbf47fa99eab45079d15c16
2,江明凌、肖红英在群豪公司名下的祁东县群力家电商场处购买了双鹿上菱公司生产的上菱冰箱ＢＣＤ131,6bf48e6fd641475bb606ab6700a5f9c4
2,起火冰箱为“美的BCD-603WKMA银灰不锈钢拉丝”冰箱,d35307a2857749e08d99a9b600c7d02c
2,事发时原告门市内烧毁的冰箱标明的品牌为“美菱”,1c37bc43d8a6409d8102aa5e01661891
2,约定吉德公司在惠而浦投资公司下达的生产订单范围内为惠而浦投资公司生产加工惠而浦牌冰箱,b42d9d09be274b978c90aacb008b5e70
2,起火冰箱为“美的BCD-603WKMA银灰不锈钢拉丝”冰箱,48e222e9c7224e1a93e9a9cb009e0675
2,经抢救仍造成家电门市（所租房屋）、门市内使用的美菱牌BCD-216Ｋ３BDU冰箱及经销的冰箱、电视机、空调、洗衣机、房主家具一宗等大量物品烧毁,b0e1fe0793ac4cbb8fffaa86017c68b9
2,品牌及规格为美的对开门冰箱BCD-546WKM银灰不锈钢拉丝,99b4effe36b146ed95e0a75400b491e0
2,此冰箱用的制冷剂是R600a,220be80b70c749d08a9618064525bbc7
2,此冰箱用的制冷剂是R600a,b912cd0c01d64bb7a1329d91439c7292
2,起火冰箱为“美的BCD-603WKMA银灰不锈钢拉丝”冰箱,d35307a2857749e08d99a9b600c7d02c
2,孙大伟共欠马继武“好运达”牌冰箱、洗衣机款15630元,4168ea54a0a647e697984e94d54b932d
2,经抢救仍造成家电门市（所租房屋）、门市内使用的美菱牌BCD-216Ｋ３BDU冰箱及经销的冰箱、电视机、空调、洗衣机、房主家具一宗等大量物品烧毁,b0e1fe0793ac4cbb8fffaa86017c68b9
2,本案双方当事人争议的主要焦点是格力公司生产的空调产品是否存在缺陷问题,66a97382a954432b9845ab3400b5993a
2,陆飞云因家中客厅“澳克（柯）玛”牌柜式空调无法使用需要维修,628b3b1663424712883ca95e01548508
2,虽然本案证据不能直接检测出涉案空调是华高公司生产的,cd1df2533c5341c09923397bb4bb48ee
2,物品损失明细为二楼房屋面积96㎡、装潢（含地、顶、墙、门窗）96㎡、一楼装潢48㎡、窗帘、电脑1台、卫星接收器1台、壁橱26.25㎡、电视柜4个、床头柜6个、组合电脑桌1套、椅子6张、鞋柜1台、床3张、席梦思2张、饮水机1台、格力空调1台、美的空调2台、长虹空调1台、42寸液晶电视1台、长虹电视1台、太阳能热水器1台、电脑音箱1套、电水壶1个、DVD1台,3f90fba3ac894e61845167d497728a7b
2,原告因家中客厅“澳克（柯）玛”牌柜式空调无法使用需要维修,2231ac2af77b40feb26aa9460154d3c5
2,起火部位的空调系被告嘉裕公司于2004年3月22日向被告赛科公司购买的华宝牌空调,0a9726cbe39b4aca81c3f7eaa197abbc
2,并在被告禹州市裕兴电器营销有限公司购买了被告珠海格力电器股份有限公司生产的格力空调,a846e745f3ee4791916c8878c388836f
2,物品损失明细为二楼房屋面积96㎡、装潢（含地、顶、墙、门窗）96㎡、一楼装潢48㎡、窗帘、电脑1台、卫星接收器1台、壁橱26.25㎡、电视柜4个、床头柜6个、组合电脑桌1套、椅子6张、鞋柜1台、床3张、席梦思2张、饮水机1台、格力空调1台、美的空调2台、长虹空调1台、42寸液晶电视1台、长虹电视1台、太阳能热水器1台、电脑音箱1套、电水壶1个、DVD1台,0cdb5c6206dc40d886e6c43751cdb801
2,物品损失明细为二楼房屋面积96㎡、装潢（含地、顶、墙、门窗）96㎡、一楼装潢48㎡、窗帘、电脑1台、卫星接收器1台、壁橱26.25㎡、电视柜4个、床头柜6个、组合电脑桌1套、椅子6张、鞋柜1台、床3张、席梦思2张、饮水机1台、格力空调1台、美的空调2台、长虹空调1台、42寸液晶电视1台、长虹电视1台、太阳能热水器1台、电脑音箱1套、电水壶1个、DVD1台,d15f42b1d7284707a172b27dc9ba9845
2,现有证据不能证明涉案空调是格力品牌,77c34037f45349dfb878a9990013074c
2,装修时从吕某经营的曹县大庆家电销售有限公司购进数台“格力”牌空调,8875eaddc8fd4bbda8e0a753017c899d
2,C109室内空调一直运行不正常,2da142a3255645c19203a90e00b89057
2,龚婷、易杰共同所有且居住的位于深圳市南山区前海路369号诺德假日花园6号楼b-1xx3房间的美的空调主机发生爆炸,79eab33e32cb4642b622e357fbb66199
2,C109室内空调一直运行不正常,d0e7139f7247472699edaa6c00bc7fe0
2,物品损失明细为二楼房屋面积96㎡、装潢（含地、顶、墙、门窗）96㎡、一楼装潢48㎡、窗帘、电脑1台、卫星接收器1台、壁橱26.25㎡、电视柜4个、床头柜6个、组合电脑桌1套、椅子6张、鞋柜1台、床3张、席梦思2张、饮水机1台、格力空调1台、美的空调2台、长虹空调1台、42寸液晶电视1台、长虹电视1台、太阳能热水器1台、电脑音箱1套、电水壶1个、DVD1台,3f90fba3ac894e61845167d497728a7b
2,经抢救仍造成家电门市（所租房屋）、门市内使用的美菱牌BCD-216Ｋ３BDU冰箱及经销的冰箱、电视机、空调、洗衣机、房主家具一宗等大量物品烧毁,b0e1fe0793ac4cbb8fffaa86017c68b9
2,并在被告禹州市裕兴电器营销有限公司购买了被告珠海格力电器股份有限公司生产的格力空调,a846e745f3ee4791916c8878c388836f
2,物品损失明细为二楼房屋面积96㎡、装潢（含地、顶、墙、门窗）96㎡、一楼装潢48㎡、窗帘、电脑1台、卫星接收器1台、壁橱26.25㎡、电视柜4个、床头柜6个、组合电脑桌1套、椅子6张、鞋柜1台、床3张、席梦思2张、饮水机1台、格力空调1台、美的空调2台、长虹空调1台、42寸液晶电视1台、长虹电视1台、太阳能热水器1台、电脑音箱1套、电水壶1个、DVD1台,0cdb5c6206dc40d886e6c43751cdb801
2,物品损失明细为二楼房屋面积96㎡、装潢（含地、顶、墙、门窗）96㎡、一楼装潢48㎡、窗帘、电脑1台、卫星接收器1台、壁橱26.25㎡、电视柜4个、床头柜6个、组合电脑桌1套、椅子6张、鞋柜1台、床3张、席梦思2张、饮水机1台、格力空调1台、美的空调2台、长虹空调1台、42寸液晶电视1台、长虹电视1台、太阳能热水器1台、电脑音箱1套、电水壶1个、DVD1台,d15f42b1d7284707a172b27dc9ba9845
2,对西卧室空调和客厅春兰牌挂壁空调做维修检测,e025d1e2312e4f1085c6b5468127692c
2,现有证据不能证明涉案空调是格力品牌,77c34037f45349dfb878a9990013074c
2,甲方负责将中央空调系统中的可满足该楼层空调使用要求的主冷冻水管（含阀门）接入六楼(KTV),99fded5666d043bd8be6a90e00993571
2,原告以火灾系因原告杂货店美的牌分体挂壁式空调器电线短路喷火引起,c91f4fd1633344509bf3ab22009d0c0e
2,约定：甲方向乙方采购“格力”牌空调设备家装自用、乙方承包甲方空调设备供应及安装工程项目,77a95e77f7a246ffa2f2aa02017fe60b
2,常学伟驾驶豫EUP686重型车所载受损货物实际为原告委托其承运的528套空调,c0630a6454a24c2f9a3ca93b010feb8e
2,烧毁赣E-XXXX挂半挂车及货车上空调,f6fc1ad0b52b4625b514215ba2247177
2,同年3月15日、4月8日马应桥分别为何刚的现代R150LC-7挖掘机安装空调,338e1eaf09ac46e6805b4b12f893eebb
2,我们按照江西绿之源空调有限公司提供的技术要求拉了一根主电源专线,121a2b277d6b4a7b8eb7d6f0909bcd99
2,德昌物流将承运的美的公司的一批空调转交给粤AL0095号货车运输,c2f2f785db01453c97f198048e6c1a6b
2,向本院提交下列证据：D1.空调安装承包合同书一份,8e15de6b37fc470ab462cabca491d7da
2,第一户、第二户完全烧塌……从第二户卧室提取了15cm×12cm、35cm×5cm电热毯两块,5933a6b22d8e43e48fdaaa5d00936e28
2,第一户、第二户完全烧塌……从第二户卧室提取了15cm×12cm、35cm×5cm电热毯两块,3bd8df826b0b4d95abe6aa1b0163e869
2,原、被告夫妻共同财产有：21寸TCL牌彩色电视机1台、21寸熊猫牌彩色电视机1台、小天鹅洗衣机1台、长城洗衣机1台、电瓶车1辆、长城牌冰箱1台、木床1张、木制家具1套、木方桌1张、木方凳12张（以上财产均在被告处）,16b876c36b53428c8c78bd975f4dc92c
2,第五张、第六张证明是美声牌电热毯,c5b78e5f45b944fe9c11a7450107a3a9
2,对起火原因认定如下：最初起火部位位于X1房屋南卧室双人床上西北角处,113af4bd212a4d30b9caaa3b00134cc5
2,该通知书记载：“患者张云羽现在我院内II科318床住院治疗,8b03961092b846ab9bf6aa34008a5fa0
2,2、2011年9月9日晚10点20分患者在RICU两人间6床位置,73f1efe3cce645808fe5a93600910fe1
2,拟诊断：1、孕1产0孕38+2周ROA先兆临床,42af903fa4324b9da3d9aad500af3fd2
2,通过对比2017-7-5发生坠床摔倒前后的头颅CT片所见,49008db3f8ff44ddb450aa81002a8eaf
2,同仁医院及时为其行床旁骨盆片、左侧髋关节正位片、骨盆CT扫描,750ea318999e4886ae0fa9060010de25
2,通过对比2017-7-5发生坠床摔倒前后的头颅CT片所见,be40a8365d5c44b6af15aa390012ae08
2,金泰峰和金桂云（金泰峰的女儿）委托吉林公正司法鉴定中心进行鉴定（吉公正【XXXX】法临医鉴字第XX号法医临床学司法鉴定意见为：延边大学附属医院对被鉴定人金泰峰监护不到位致其坠床造成大量气颅压迫脑组织的医疗过错,a046597bacec479b926da97b00e8294f
2,同仁医院及时为其行床旁骨盆片、左侧髋关节正位片、骨盆CT扫描,750ea318999e4886ae0fa9060010de25
2,原告苏竹妍驾驶北海XXXXX号牌二轮电动车从靖安路西侧人行道上往东北方向斜穿靖安路时,a0baf65fe4634919a263aafe003430e9
2,梁清持准驾车型为C1的机动车驾驶证驾驶一辆无号牌两轮轻便摩托车（电机号1509018157,44d38d4b9ec040a78b38a91500c26440
2,有人发现xx大厦六楼外墙有衣服掉在空调槽里,dbf68b774ed74b0ba11da9fc00ac004f
1,是导致电池过度充电,82857a8985cc48d08157aad400304286
1,火灾原因为：排除因静电、雷击、遗留火种、生产作业、摩托车及车用电池起火,d66cd36fba624b98b03cab3a017af71d
1,查明以下事实：莫玉娜曾为涉案电动车更换过电池和充电器,564e1c23036a449b8c81aaf70184d3f0
1,曹国富在该房屋存放超威电池用于经营,2b7e0831861c49c2aeb0aa200011a5c5
1,证明在另案中电池生产商的赔偿只针对黄倩的个人损失部分,262a948821564c5da02ea9220011aad0
1,CPM关节康复器租赁协议及发票,34409e3ee8f84ccb90eca93100afe950
1,市中区兴东电动车经营部的经营者徐兴东租赁上述房屋用于经营销售绿源牌电动车,f6feed56ca6c41b99aeea85b00b9c3fe
1,董武桥一方在回答关于产品来源的询问时表示：“我方销售的都是品牌车,76b96f0de5fb44c1905ff45ec427162d
1,1.2ｋｗｈ锂电池17Ｓ9Ｐ240ｋｗｈ（200组）,2d106885303142edbf87ab04002653ca
1,起火原因为2号货架电池包充电中自燃引起,ac54fd5b88054e21805baad700a9b72d
1,起火原因为2号货架电池包充电中自燃引起,d97d910f86314e87832daa03009574a0
1,起火原因为2号货架电池包充电中自燃引起,e03c531ebe204b649604aa0300955498
1,前锦汽修厂向该车辆电池生产厂家南京中欧威能新能源动力系统有限公司（以下简称威能公司）报修,4297efa1af7c4131b175aa8600b64cbe
1,原告韩虹丹在广州市番禺区大石佰邦摩托车商行（以下简称佰邦车行）购买了由被告格士铃公司生产的依兰公主型号20寸电动车,d5ad83c1eb214bcba63caa4700d3abd5
1,对起火原因认定如下：判定起火点为充电锂电池处,47a15f5f931c430daa35a9920033a265
1,被告在该房屋存放超威电池用于经营,9cd00801ca3f4efc91aaaa200011a2ef
1,约定原告向被告购买18650自动测试贴纸电焊一体机（规格HYT-1805）一台,bed1f7b466614e44b7f6a85601493f76
1,本院经审理查明：原告于2008年12月26日购买梅赛德斯奔驰WDDNG86X08A239869小型轿车一辆,1595618d48904827b131a85a00d81d2d
1,冀德公司委托鑫钰通公司将重量为16.5吨的车用电池由北京运至海口,43e371ce1b4e47fab4a0a745000e41ab
1,于2016年2月1日更名为国宏汽车集团有限公司）签订编号为GH2015112301的《购销合同》,335c4d1da3be4510b68ba9b201697416
1,是位于深圳市宝安区福永街道塘尾福洪工业区2栋3楼的深圳市基德科技有限公司成品仓库中锂电池自燃引起的,01ba626a368c4d3abb05ea78af722f7a
1,三、乙方积极推销酷尔玛品牌系列车型,5ead4c5fc9a048bdbf57ab3600be8d53
1,造成车牌号为皖Ｈ×××××小型客车前大盖、前大灯、水箱安全气囊、车轮毂、前挡玻璃等及灯柱和线路等受损,6a6d34482eb0403384c5a8cc01540c3e
1,分别为位于中山市沙溪镇厚山村即位于中山市xx村xx路xx制衣厂对面第二排第三幢的房地产的共有人,8951f2a324b84d74a38ca7de00967e5f
1,其中约定詹灿根以16300元的价格向该商行购买新奥宇牌旅游观光车一辆,baf8debfb3b14422adb08827e6f0d6f3
1,因该案件中根据河南宏耐高新能源科技有限公司提供的相关证明材料,2f4fa20b877b4ea0acdf04ebff461aeb
1,因该案件中根据河南宏耐高新能源科技有限公司提供的相关证明材料,4731378554ae4489ae7eaec562dc81bc
1,是导致电池过度充电,82857a8985cc48d08157aad400304286
1,火灾原因为：排除因静电、雷击、遗留火种、生产作业、摩托车及车用电池起火,d66cd36fba624b98b03cab3a017af71d
1,查明以下事实：莫玉娜曾为涉案电动车更换过电池和充电器,564e1c23036a449b8c81aaf70184d3f0
1,曹国富在该房屋存放超威电池用于经营,2b7e0831861c49c2aeb0aa200011a5c5
1,证明在另案中电池生产商的赔偿只针对黄倩的个人损失部分,262a948821564c5da02ea9220011aad0
1,CPM关节康复器租赁协议及发票,34409e3ee8f84ccb90eca93100afe950
1,市中区兴东电动车经营部的经营者徐兴东租赁上述房屋用于经营销售绿源牌电动车,f6feed56ca6c41b99aeea85b00b9c3fe
1,并自带电动车电池,35b1f8e2fc3042d5a49ca7fe01238836
1,董武桥一方在回答关于产品来源的询问时表示：“我方销售的都是品牌车,76b96f0de5fb44c1905ff45ec427162d
1,1.2ｋｗｈ锂电池17Ｓ9Ｐ240ｋｗｈ（200组）,2d106885303142edbf87ab04002653ca
1,起火原因为2号货架电池包充电中自燃引起,ac54fd5b88054e21805baad700a9b72d
1,起火原因为2号货架电池包充电中自燃引起,d97d910f86314e87832daa03009574a0
1,起火原因为2号货架电池包充电中自燃引起,e03c531ebe204b649604aa0300955498
1,前锦汽修厂向该车辆电池生产厂家南京中欧威能新能源动力系统有限公司（以下简称威能公司）报修,4297efa1af7c4131b175aa8600b64cbe
1,原告韩虹丹在广州市番禺区大石佰邦摩托车商行（以下简称佰邦车行）购买了由被告格士铃公司生产的依兰公主型号20寸电动车,d5ad83c1eb214bcba63caa4700d3abd5
1,对起火原因认定如下：判定起火点为充电锂电池处,47a15f5f931c430daa35a9920033a265
1,约定原告向被告购买18650自动测试贴纸电焊一体机（规格HYT-1805）一台,bed1f7b466614e44b7f6a85601493f76
1,本院经审理查明：原告于2008年12月26日购买梅赛德斯奔驰WDDNG86X08A239869小型轿车一辆,1595618d48904827b131a85a00d81d2d
1,冀德公司委托鑫钰通公司将重量为16.5吨的车用电池由北京运至海口,43e371ce1b4e47fab4a0a745000e41ab
1,于2016年2月1日更名为国宏汽车集团有限公司）签订编号为GH2015112301的《购销合同》,335c4d1da3be4510b68ba9b201697416
1,是位于深圳市宝安区福永街道塘尾福洪工业区2栋3楼的深圳市基德科技有限公司成品仓库中锂电池自燃引起的,01ba626a368c4d3abb05ea78af722f7a
1,经本院审理查明：原告桑顿公司与被告绿鸥公司就动力电池供应事宜,06753e199fa94ba7952fec089ca781b5
1,三、乙方积极推销酷尔玛品牌系列车型,5ead4c5fc9a048bdbf57ab3600be8d53
1,造成车牌号为皖Ｈ×××××小型客车前大盖、前大灯、水箱安全气囊、车轮毂、前挡玻璃等及灯柱和线路等受损,6a6d34482eb0403384c5a8cc01540c3e
1,分别为位于中山市沙溪镇厚山村即位于中山市xx村xx路xx制衣厂对面第二排第三幢的房地产的共有人,8951f2a324b84d74a38ca7de00967e5f
1,其中约定詹灿根以16300元的价格向该商行购买新奥宇牌旅游观光车一辆,baf8debfb3b14422adb08827e6f0d6f3
1,因该案件中根据河南宏耐高新能源科技有限公司提供的相关证明材料,2f4fa20b877b4ea0acdf04ebff461aeb
1,因该案件中根据河南宏耐高新能源科技有限公司提供的相关证明材料,4731378554ae4489ae7eaec562dc81bc
1,约定由大陆公司于2018年7月4日前运输56件锂电池计1.2吨至浙江省永康市指定地点,20eef17c77ec4473a424ab25009b4a25
1,约定：一、骑缘公司向易可玛公司购买电池可拆卸、具有共享软件等功能的电动自行车200台,b3d9afb95bc04ee8a071ab1000a22bb2
1,不排除楼道内电动自行车电池自燃引发火灾,5b0bd21c9d10464c9ad4aac001652d27
1,天朗公司租赁的位于芜湖市鸠江区厂房因天朗公司存放的锂电池发生自燃发生火灾,8948d78ca79142479137aa8600a453ff
1,深圳光科技公司员工吴改改向新宁公司员工“june.he”发送电子邮件,9327a2beba294331b864a9c1006b9bf6
1,起火原因为2号货架电池包充电中自燃引起,070bddb5772d4770b32ba9a600cfba0b
1,起火原因为2号货架电池包充电中自燃引起,cd06719ce02840749ad7a9a600cfc24a
1,起火原因为2号货架电池包充电中自燃引起,05beca77912348b2a375a9a600cfc084
1,车牌号为鄂Ａ×××××,52816b32c5bf4deab9bba9a800ca951a
1,博力康公司、瑞特安公司分别签订三份不同的电池产品购销合同,4f9a789fdfea48b48389a9c70025a753
1,火灾原因为电池自燃引起火灾,481393eb9db34fc78613a8a600325898
1,博瑞达公司、谭曙宏向一审法院提交《质量保证协议》、退货单、工作联系函、出发点、客户回复报告、其与客户电子邮件、聚合物电芯气胀/起火统计表以及电芯、成品库存汇总、光盘等证据证明其利赛奥公司提供的电芯存在质量问题,ba5821cbc8874b5b8290a85600fef8e9
1,并自带电动车电池,35b1f8e2fc3042d5a49ca7fe01238836
1,由被告山东驰翔公司向原告提供锂电池组,bc8099c9c58c431799dde4387ff5cb25
1,事故发生原因为金拜克公司生产电动车电池自燃导致,8593d2950781435799ede4d5ba33854a
1,原审法院经审理查明：夺×公司、金×公司于2007年12月19日签订了《硅能环保电池销售合同》,936757db956b4a46b22f496bead2cc9e
1,起火原因为2号货架电池包充电中自燃引起,e7d7c6e7b90641e89beaab360090b1c3
1,简称“联想”）签订《采购协议》以及《采购协议工作说明》、《VMI合作规则》,3e800c07f5454c01904bab3000f46d3f
1,起火原因为2号货架电池包充电中自燃引起,6c38375d913849fcac85ab3300952d3a
1,张海军持A1A2驾驶证、从业资格证,1764f116acb84ee68f5eab1400a53497
1,起火原因为2号货架电池包充电中自燃引起,d19d3a03df504a0ea55fab1700c3e976
1,起火原因为2号货架电池包充电中自燃引起,c3d0af9a24134365b926ab2f0094728f
1,起火原因为2号货架电池包充电中自燃引起,70b63736bf964bcf96beab3300990e2d
1,本院认定以下事实：原告与被告杭州雅胜公司、深圳鑫易迈公司、深圳辉煌公司之间存在锂电池买卖关系,b1ad431e766f4f15b362ab1700a6c8f7
1,起火原因为2号货架电池包充电中自燃引起,ac54fd5b88054e21805baad700a9b72d
1,鼎辰物流公司的电池模块、电箱安全指引载明,f1d56c74972b4f5bb5d7aad80108018a
1,约定由大陆公司于2018年7月4日前运输56件锂电池计1.2吨至浙江省永康市指定地点,f67a96d32c3347c0a0b8aaca00a2e571
1,约定：一、骑缘公司向易可玛公司购买电池可拆卸、具有共享软件等功能的电动自行车200台,1e633ea4b4ab487bba01aacb00f45a30
1,认定如下事实：原告（甲方）于2015年2月5日与案外人（乙方）拉扎斯网络科技（上海）有限公司、居间方大连链家房地产经纪有限公司签订编号为dl15500105号的《房屋租赁合同》,5c2f2ac3bc6e45949745aad400319689
1,起火原因为2号货架电池包充电中自燃引起,52e219bccd8c4e3caf4faaf40094b59e
1,不排除楼道内电动自行车电池自燃引发火灾,3e837fe545fb4decbcb9aa1d0164b2cf
1,排除电单车蓄电池自燃,66589b6eb1ce421cb9fdaa6801430a26
1,起火原因为2号货架电池包充电中自燃引起,d97d910f86314e87832daa03009574a0
1,起火原因为2号货架电池包充电中自燃引起,e03c531ebe204b649604aa0300955498
1,不知道被执行人的电池存在严重质量问题,4e2bcb5c37804dc78274aaca0105a1b0
1,认可车辆、电池是其公司生产,52d78a92147145c1af39aad5008ff820
1,本院经审理认定事实如下：原告在淘宝网注册会员名为“qq46×××51”,416c6cb1ec31412eb141a9b800415d83
1,武汉XX电子科技有限公司（住址：武汉市东西湖区XX办事处工业区107国道以东、陈东公路以南空调注塑件生产项目厂房一（16）,a3cda9ea97b34a608b57a9c201858150
1,原告韩虹丹在广州市番禺区大石佰邦摩托车商行（以下简称佰邦车行）购买了由被告格士铃公司生产的依兰公主型号20寸电动车,d5ad83c1eb214bcba63caa4700d3abd5
1,上述维修店内堆放的锂电池自燃引起店内起火,60309b6342754e7280e3a9880122a288
1,本院查明：原告芜湖市驻美建材销售有限公司与被告芜湖天朗电池科技有限公司财产损害赔偿纠纷一案经本院2017年7月21日作出（2017）皖0207民初144号民事调解书,801b2ef848cc46e1958ba9380155a366
1,载明火灾事故基本情况为：“火灾烧损纽特公司仓库中纽特公司的生产设备、产品包装材料、电池等成品半成品一批,3544e693f30349f399e5a9a0009c158a
1,载明火灾事故基本情况为：“火灾烧损纽特公司仓库中纽特公司的生产设备、产品包装材料、电池等成品半成品一批,11cbc9db805944fa8265aa4c00a55c1c
1,对起火原因认定如下：郑州市二七区西大街166号华庭公寓电动车棚火灾……起火部位位于电动车棚中间出入口东侧第一辆电动车和第二辆电动车（消防部门现场勘验编号分别为A1和C3,e1c39643844441549066aa3a01188f73
1,排除电单车蓄电池自燃,a13eb16d2a5e44c09997a83b00daffb0
1,根据欧菲光公司与联想移动通信（武汉）有限公司签订《补充协议-VMI合作》的约定,ba863ed4c1f0433db399a83a0031fe76
1,对火灾事故情况记载如下：火灾烧毁建筑结构、聚合锂离子电池一批和电器设备一批,7ba744b4fc5a45a98a6ba856010dc6de
1,被告所租赁的涉案房屋同力兴工业厂区1号厂房4楼因被告存放的电池自燃发生火灾,780ffd9ef7434b1295c3a8ee009f5dc1
1,是位于深圳市宝安区福永街道塘尾福洪工业区2栋3楼的深圳市基德科技有限公司成品仓库中锂电池自燃引起的,01ba626a368c4d3abb05ea78af722f7a
1,被告人陈小波、左银祥、左洪祥共同出资在东莞市凤岗镇玉泉工业区安科产业园租下B2栋5楼,10a394abd4874aefacc60c39a17a8f3f
1,因该案件中根据河南宏耐高新能源科技有限公司提供的相关证明材料,2f4fa20b877b4ea0acdf04ebff461aeb
1,因该案件中根据河南宏耐高新能源科技有限公司提供的相关证明材料,4731378554ae4489ae7eaec562dc81bc
1,名称为“一种圆柱形导针同向引出束腰封口的锂离子动力电池”的实用新型专利,4ebcc4d780fe46e19806a9b5001235f3
1,名片不是外企公司提供的,3a6ef8b8c4584ef493b5ab12002c233e
1,由南都公司在奥音公司项目地址建设2MW\16MWh储能电站,31194bfd77494b2a892baab500a7abb1
1,电池在车上”,dc9fab23a6e34ce5b5f5aa270010fd57
1,电池发生损坏,9799c281ea77482db148a9dc00bc8a03
1,一审法院认定事实：原、被告签订锂电池租赁合同五份,9e43d3d334fa478eb98ca9bc007a5737
1,主张德飞公司没有给金文华公司提供过“F2”产品,a75c7f9672ff4e87993ea9cb00f3e842
1,12伏锂电池4节,77fc96d8da054eec98bfa8b700fda407
1,起火原因为友好商务宾馆213室当日住宿客人黎廷万停放在电视柜旁的改装自行车三角架处固定的锂电池组故障产生爆炸起火引燃车上背包等可燃物蔓延成灾,1f11f62469bf4c7f88bba90500ad45f8
1,双方发货金额存在差异的原因系对电池的“备壳”款未进行结算,b8764869144e44168195ab3000f352b6
1,电池外筒和扶正器之间突然爆开,fedc36d2f3d145238b96a9ae00ba2448
1,名称为“一种圆柱形导针同向引出束腰封口的锂离子动力电池”的实用新型专利,6afdbfda15eb44b6a103a85800117380
1,上述充电电瓶为小鸟牌电动自行车电瓶,6485013caae24652879ca84e00112818
1,董武桥一方在回答关于产品来源的询问时表示：“我方销售的都是品牌车,76b96f0de5fb44c1905ff45ec427162d
1,认定：直接原因为迈奇公司员工违规处置废电池导致爆炸,de7b00643b834cc4a3d52ac672680e49
1,引起火灾的直接原因是唐建宝在其汽车上装倒废旧锂电池时引起爆炸失火,0d2eb4df216249a79a46cc48d974b462
1,×××号车行驶至G3012线新和县境内时,b59983e78faf4b5e9679ab43012111b0
1,约定：鑫盛达公司向原告订购各种锂电池组,5f0fc67cc2824ceeb812ab2c01322626
1,案涉电池销售的时间是2017年11月,80084f4f32c5429ab7d8ab1d002419b4
1,本院认定事实如下：原告王福生系上海市徐汇区小木桥路XXX弄XXX号101.116.117室房屋的共有产权人之一,8069e69a37e948639c38ab3b00989597
1,1.2ｋｗｈ锂电池17Ｓ9Ｐ240ｋｗｈ（200组）,2d106885303142edbf87ab04002653ca
1,二、甲方承诺不参与乙方现有闻泰（魅族项目）、桑菲及桑菲OMD项目的直接供货,e973d8ab52d24a638dd3ab1800a997fd
1,爱九九龙华分公司向盛利龙公司采购手机电池,602a688687a943fdbfabab0a00f77331
1,原告郭云平的丈夫史付全到被告风帆蓄电池销售部购买锂电池一部,b9966585089144e4be8eaaba00a38cbc
1,取得了绥化市北林区现代农业项目建设管理办公室2017年千亿粮食田间工程建设项目A14标段施工资格,c157f5db7da04d409246aaf10023b353
1,在此期间汤成利必须协助娄虎财先生追责电池事故的追责事宜（产品在客户使用时发生电池爆炸,ceda8e04770f4dd2ba0faa8b0182d47c
1,被告诚信公司为原告定做的涉案鸡舍设备中包含了锂电池,8f57b6ccf8cf42208a9daab601259b79
1,电池在充电过程中起火继而引发火灾,2cc04e4749c9454aa1cdaacb01140070
1,杨双进通过淘宝公司经营的网络购物平台淘宝网购买了“锂电池及充电器”一套,afd2bec1f0974d1882f0aa26001605b6
1,起火原因为锂电池故障,72887fc5c3ce4263ad40aa1c009dbe0d
1,因安装在子节点上的电池突然发生爆炸,961f4351724f43a2aa4ea9e600ac51b5
1,另扣除售后电池7636.8元,ccc6150de873427ebbdeaa780109d42b
1,武汉XX电子科技有限公司（住址：武汉市东西湖区XX办事处工业区107国道以东、陈东公路以南空调注塑件生产项目厂房一（16）,a3cda9ea97b34a608b57a9c201858150
1,对起火原因认定如下：判定起火点为充电锂电池处,47a15f5f931c430daa35a9920033a265
1,本院经审理认定事实如下：原、被告签订锂电池租赁合同五份,9a3aeddfaf3049d799b9a94900764aaf
1,2013年3月9日其父购买“新超源”牌锂电电动自行车,1a60dbc070074d5b8c4ea94d00ae6b8c
1,电池在充电过程中引起火灾,2089cec470984222ae97a9a100ae11c8
1,电池发生损坏,acbb8efc14494434bc06a96a0150059c
1,起火原因为友好商务宾馆213室当日住宿客人黎廷万停放在电视柜旁的改装自行车三角架处固定的锂电池组故障产生爆炸起火引燃车上背包等可燃物蔓延成灾,4ce4ef8888c64d868ec1a893010d89c3
1,12伏锂电池4节,e2512d04d8394d6a9645a8510107d817
1,由因迪公司向被告供应锂电池,ad589a15557746cdb93ca89600a49f9b
1,原告在被告家生门窗厂购买明辉公司生产的义顶二充电钻一台,ee85905a64f847c3aa0ea9c70044ee20
1,认定起火部位位于电动自行车电池部位,3a9eaa642b8f4bf69564a8ac00d171ba
1,被告仓库因电池短路起火,4ef8d523780e44fba309a80700f759b8
1,被告将一辆现无法明确品牌的电动轮椅送至吕宝英居住的502室房屋内,5eff78fa51384c1bb038a85700d9ddba
1,对火灾发生时XX公司员工正在使用电焊机作业的事实未作认定,5fc76ffcd6664e278921aae600ae97c6
1,原告张名霞的儿子李晓宇在被告壹壹电动车经销处以1700元价格购买了一辆由被告众信电动车公司产生的艾丽斯牌电动自行车,635b3bdf302c46fe9190a7460091c9c5
1,原告李静的儿子李晓宇在被告壹壹电动车经销处以1700元价格购买了一辆由被告众信电动车公司产生的艾丽斯牌电动自行车,67f3a9a95c4e4abea852a7460091c975
1,原告李静、张名霞的儿子李晓宇在被告壹壹电动车经销处以1700元价格购买了一辆由被告众信电动车公司产生的艾丽斯牌电动自行车,e974d823e0574c54b3cfa7460091ca97
1,原告李晓宇在被告壹壹电动车经销处以1700元价格购买了一辆由被告众信电动车公司产生的艾丽斯牌电动自行车,f261797eaaff4466ae8ea7460091c861
1,双方发货金额存在差异的原因系对电池的“备壳”款未进行结算,d82b6a8b9b1d4b4996a4a76d01121f8e
1,东聚公司依据长兴达公司的采购订单向其供应电池电芯等货物,9f1dc28ff8424fe88fdfa82e00b9fcb7
1,原告在被告开设的棋牌室里打麻将,f9a922e5e4b44ef9996e2ae1ae4bbdda
1,原告在被告开设的棋牌室里打麻将,97a266c685b74c7d852e4e7bb2f62a9c
1,就购买动力锂电池成套设备订立以下协议,f4f55f14780a44e291a47074e1197a1b
1,甲方电放已经到港的两个提单号为CNGU0512010、CNGU0512011两个柜,73442811af03413b9c8645a69811bcd9
1,原告通过被告深圳市霸光电子有限公司经营的淘宝网Palight户外旗舰店购买26650双锂电套装,4f0590e32f9046aa835da83f0186fb37
1,约定原告自2014年4月1日至2015年4月1日向被告供应蓄电池,dd97d726c376485ebc858c3620e76513
1,被告因电池爆炸被烧伤,e41e3d2e8b804035aeb7cc7c3de534cb
1,发现电池爆炸,8dfe5fa5d6bf4a45a4f68b7b307289af
1,发现电池爆炸,c66f2a95a8ea407faf45bd4af4b8bedc
1,因该案件中根据河南宏耐高新能源科技有限公司提供的相关证明材料,2f4fa20b877b4ea0acdf04ebff461aeb
1,因该案件中根据河南宏耐高新能源科技有限公司提供的相关证明材料,4731378554ae4489ae7eaec562dc81bc
1,原告李肖锋在拆除完被告方生产的风帆牌电瓶上的充电器后,c94016e0fb4745e89c1dc2795846370e
1,原告李肖锋在拆除完被告方生产的风帆牌电瓶上的充电器后,cbd26669eaa349868d80a114d007000e
1,原告杨骏从被告南京新辉电源有限公司购买其生产的蓄电池用以组装电动三轮车,b7b0ee978cc74e74998f23ff61cba5f6
1,李兴粮与黄国能负责的H2O项目,4345a92edbb54b1eada26af02a817c3e
1,烧着的杂草内一块电池爆炸,4371c6dd6a6f42fa95a1df7ba3690e0a
1,原告在第三人阮家序经营的惠州市惠城区海田叉车维修店安装叉车的蓄电池时因蓄电池爆炸导致右眼受伤,75274ae4160f4b288cda296b9df8f431
1,内置小电池飞入原告顾某某左眼,b496237effb4496498f71f2a62ba0ccd
1,游小平称火灾可能是由其在充电的电池由于时间太长引起的,5eeea253e7a849659e3e812808fdf7ca
1,遂掀开蓄电池上方的车辆货箱,034d406f9dd2491191cb9659da0441ad
1,被告主张2010年10月25日、2011年2月5日因原告提供的电池某问题发生两次爆炸事故,20f4cdbaa4924ee39dba003cec6a1e47
1,名称为“一种圆柱形导针同向引出束腰封口的锂离子动力电池”的实用新型专利,4ebcc4d780fe46e19806a9b5001235f3
1,名片不是外企公司提供的,3a6ef8b8c4584ef493b5ab12002c233e
1,由南都公司在奥音公司项目地址建设2MW\16MWh储能电站,31194bfd77494b2a892baab500a7abb1
1,电池在车上”,dc9fab23a6e34ce5b5f5aa270010fd57
1,电池发生损坏,9799c281ea77482db148a9dc00bc8a03
1,一审法院认定事实：原、被告签订锂电池租赁合同五份,9e43d3d334fa478eb98ca9bc007a5737
1,主张德飞公司没有给金文华公司提供过“F2”产品,a75c7f9672ff4e87993ea9cb00f3e842
1,12伏锂电池4节,77fc96d8da054eec98bfa8b700fda407
1,起火原因为友好商务宾馆213室当日住宿客人黎廷万停放在电视柜旁的改装自行车三角架处固定的锂电池组故障产生爆炸起火引燃车上背包等可燃物蔓延成灾,1f11f62469bf4c7f88bba90500ad45f8
1,双方发货金额存在差异的原因系对电池的“备壳”款未进行结算,b8764869144e44168195ab3000f352b6
1,电池外筒和扶正器之间突然爆开,fedc36d2f3d145238b96a9ae00ba2448
1,名称为“一种圆柱形导针同向引出束腰封口的锂离子动力电池”的实用新型专利,6afdbfda15eb44b6a103a85800117380
1,上述充电电瓶为小鸟牌电动自行车电瓶,6485013caae24652879ca84e00112818
1,董武桥一方在回答关于产品来源的询问时表示：“我方销售的都是品牌车,76b96f0de5fb44c1905ff45ec427162d
1,保险单号021141060100012A000003,34af7cc6a23546ec945b32efc71fd54b
1,引起火灾的直接原因是唐建宝在其汽车上装倒废旧锂电池时引起爆炸失火,0d2eb4df216249a79a46cc48d974b462
1,×××号车行驶至G3012线新和县境内时,b59983e78faf4b5e9679ab43012111b0
1,约定：鑫盛达公司向原告订购各种锂电池组,5f0fc67cc2824ceeb812ab2c01322626
1,案涉电池销售的时间是2017年11月,80084f4f32c5429ab7d8ab1d002419b4
1,本院认定事实如下：原告王福生系上海市徐汇区小木桥路XXX弄XXX号101.116.117室房屋的共有产权人之一,8069e69a37e948639c38ab3b00989597
1,1.2ｋｗｈ锂电池17Ｓ9Ｐ240ｋｗｈ（200组）,2d106885303142edbf87ab04002653ca
1,二、甲方承诺不参与乙方现有闻泰（魅族项目）、桑菲及桑菲OMD项目的直接供货,e973d8ab52d24a638dd3ab1800a997fd
1,爱九九龙华分公司向盛利龙公司采购手机电池,602a688687a943fdbfabab0a00f77331
1,原告郭云平的丈夫史付全到被告风帆蓄电池销售部购买锂电池一部,b9966585089144e4be8eaaba00a38cbc
1,取得了绥化市北林区现代农业项目建设管理办公室2017年千亿粮食田间工程建设项目A14标段施工资格,c157f5db7da04d409246aaf10023b353
1,在此期间汤成利必须协助娄虎财先生追责电池事故的追责事宜（产品在客户使用时发生电池爆炸,ceda8e04770f4dd2ba0faa8b0182d47c
1,被告诚信公司为原告定做的涉案鸡舍设备中包含了锂电池,8f57b6ccf8cf42208a9daab601259b79
1,电池在充电过程中起火继而引发火灾,2cc04e4749c9454aa1cdaacb01140070
1,杨双进通过淘宝公司经营的网络购物平台淘宝网购买了“锂电池及充电器”一套,afd2bec1f0974d1882f0aa26001605b6
1,起火原因为锂电池故障,72887fc5c3ce4263ad40aa1c009dbe0d
1,因安装在子节点上的电池突然发生爆炸,961f4351724f43a2aa4ea9e600ac51b5
1,另扣除售后电池7636.8元,ccc6150de873427ebbdeaa780109d42b
1,武汉XX电子科技有限公司（住址：武汉市东西湖区XX办事处工业区107国道以东、陈东公路以南空调注塑件生产项目厂房一（16）,a3cda9ea97b34a608b57a9c201858150
1,对起火原因认定如下：判定起火点为充电锂电池处,47a15f5f931c430daa35a9920033a265
1,本院经审理认定事实如下：原、被告签订锂电池租赁合同五份,9a3aeddfaf3049d799b9a94900764aaf
1,2013年3月9日其父购买“新超源”牌锂电电动自行车,1a60dbc070074d5b8c4ea94d00ae6b8c
1,电池在充电过程中引起火灾,2089cec470984222ae97a9a100ae11c8
1,电池发生损坏,acbb8efc14494434bc06a96a0150059c
1,起火原因为友好商务宾馆213室当日住宿客人黎廷万停放在电视柜旁的改装自行车三角架处固定的锂电池组故障产生爆炸起火引燃车上背包等可燃物蔓延成灾,4ce4ef8888c64d868ec1a893010d89c3
1,12伏锂电池4节,e2512d04d8394d6a9645a8510107d817
1,由因迪公司向被告供应锂电池,ad589a15557746cdb93ca89600a49f9b
1,原告在被告家生门窗厂购买明辉公司生产的义顶二充电钻一台,ee85905a64f847c3aa0ea9c70044ee20
1,认定起火部位位于电动自行车电池部位,3a9eaa642b8f4bf69564a8ac00d171ba
1,被告仓库因电池短路起火,4ef8d523780e44fba309a80700f759b8
1,被告将一辆现无法明确品牌的电动轮椅送至吕宝英居住的502室房屋内,5eff78fa51384c1bb038a85700d9ddba
1,对火灾发生时XX公司员工正在使用电焊机作业的事实未作认定,5fc76ffcd6664e278921aae600ae97c6
1,原告张名霞的儿子李晓宇在被告壹壹电动车经销处以1700元价格购买了一辆由被告众信电动车公司产生的艾丽斯牌电动自行车,635b3bdf302c46fe9190a7460091c9c5
1,原告李静的儿子李晓宇在被告壹壹电动车经销处以1700元价格购买了一辆由被告众信电动车公司产生的艾丽斯牌电动自行车,67f3a9a95c4e4abea852a7460091c975
1,原告李静、张名霞的儿子李晓宇在被告壹壹电动车经销处以1700元价格购买了一辆由被告众信电动车公司产生的艾丽斯牌电动自行车,e974d823e0574c54b3cfa7460091ca97
1,原告李晓宇在被告壹壹电动车经销处以1700元价格购买了一辆由被告众信电动车公司产生的艾丽斯牌电动自行车,f261797eaaff4466ae8ea7460091c861
1,双方发货金额存在差异的原因系对电池的“备壳”款未进行结算,d82b6a8b9b1d4b4996a4a76d01121f8e
1,东聚公司依据长兴达公司的采购订单向其供应电池电芯等货物,9f1dc28ff8424fe88fdfa82e00b9fcb7
1,原告在被告开设的棋牌室里打麻将,f9a922e5e4b44ef9996e2ae1ae4bbdda
1,原告在被告开设的棋牌室里打麻将,97a266c685b74c7d852e4e7bb2f62a9c
1,就购买动力锂电池成套设备订立以下协议,f4f55f14780a44e291a47074e1197a1b
1,甲方电放已经到港的两个提单号为CNGU0512010、CNGU0512011两个柜,73442811af03413b9c8645a69811bcd9
1,2016年2月13日被告以原告欠其工资为由将原告店内用于出售的舰王牌油电两用四轮车一辆开走,03bdb5a16e7143cb8357f69b1d0d48d9
1,原告通过被告深圳市霸光电子有限公司经营的淘宝网Palight户外旗舰店购买26650双锂电套装,4f0590e32f9046aa835da83f0186fb37
1,约定原告自2014年4月1日至2015年4月1日向被告供应蓄电池,dd97d726c376485ebc858c3620e76513
1,被告因电池爆炸被烧伤,e41e3d2e8b804035aeb7cc7c3de534cb
1,发现电池爆炸,8dfe5fa5d6bf4a45a4f68b7b307289af
1,发现电池爆炸,c66f2a95a8ea407faf45bd4af4b8bedc
1,因该案件中根据河南宏耐高新能源科技有限公司提供的相关证明材料,2f4fa20b877b4ea0acdf04ebff461aeb
1,因该案件中根据河南宏耐高新能源科技有限公司提供的相关证明材料,4731378554ae4489ae7eaec562dc81bc
1,原告李肖锋在拆除完被告方生产的风帆牌电瓶上的充电器后,c94016e0fb4745e89c1dc2795846370e
1,原告李肖锋在拆除完被告方生产的风帆牌电瓶上的充电器后,cbd26669eaa349868d80a114d007000e
1,原告杨骏从被告南京新辉电源有限公司购买其生产的蓄电池用以组装电动三轮车,b7b0ee978cc74e74998f23ff61cba5f6
1,李兴粮与黄国能负责的H2O项目,4345a92edbb54b1eada26af02a817c3e
1,烧着的杂草内一块电池爆炸,4371c6dd6a6f42fa95a1df7ba3690e0a
1,原告在第三人阮家序经营的惠州市惠城区海田叉车维修店安装叉车的蓄电池时因蓄电池爆炸导致右眼受伤,75274ae4160f4b288cda296b9df8f431
1,内置小电池飞入原告顾某某左眼,b496237effb4496498f71f2a62ba0ccd
1,游小平称火灾可能是由其在充电的电池由于时间太长引起的,5eeea253e7a849659e3e812808fdf7ca
1,被告主张2010年10月25日、2011年2月5日因原告提供的电池某问题发生两次爆炸事故,20f4cdbaa4924ee39dba003cec6a1e47
1,车牌号为鄂Ａ×××××,52816b32c5bf4deab9bba9a800ca951a
1,不排除蓄电池遇金属短接引发火灾的可能,a85c8f54308143999e3865808675cc7e
1,本院认定以下事实：原告与被告杭州雅胜公司、深圳鑫易迈公司、深圳辉煌公司之间存在锂电池买卖关系,b1ad431e766f4f15b362ab1700a6c8f7
1,被告刘显房与康薇洁共同向上海普房实业有限公司租借上海市中山北路XXX弄XXX号二层房屋并对外出租,0812e080d3064ff4adc9a87a00f05820
1,以2070元的价格购买了一辆美辰电动滑板女士电动三轮车（36V无刷锂电池旗舰款）,d643b9d461c94116bbe3a9c7016b6917
1,火灾原因系电动自行车电池充电过程中发生故障引燃周边可燃物所致,2eff8f4c3b984ed6a659aabf002c2110
1,火灾原因为电池自燃引起火灾,481393eb9db34fc78613a8a600325898
1,东南部陶瓷、PVC管严重烧毁,a7ea335c93b94970a438a8ef011f418b
1,东南部陶瓷、PVC管严重烧毁,f4adaa113c1c4a6b8774a877009f6c72
1,于2016年2月1日更名为国宏汽车集团有限公司）签订编号为GH2015112301的《购销合同》,335c4d1da3be4510b68ba9b201697416
1,东南部陶瓷、PVC管严重烧毁,115ab2ac75de4d71a1a58afe4311dae9
1,东南部陶瓷、PVC管严重烧毁,a2d5b842192d491c9938c9e2c80540f1
1,东南部陶瓷、PVC管严重烧毁,810fa1d8116048d8842e4fa8aa2d95ce
1,东南部陶瓷、PVC管严重烧毁,6557dc9ae51c44efb52a53f6897211a7
1,东南部陶瓷、PVC管严重烧毁,85c3439eff8d4a7392b981ab36b234fe
1,东南部陶瓷、PVC管严重烧毁,9908623222f34faaa49d712eb81499c6
1,东南部陶瓷、PVC管严重烧毁,0de2440296fa4a00be3d3b4bc75cb7af
1,东南部陶瓷、PVC管严重烧毁,6409027e8e964f13a18e28a8a34743a7
1,东南部陶瓷、PVC管严重烧毁,ac1d9423525445e19d0eedd13111f164
1,将中国铁塔股份有限公司郑州市分公司48块圣阳牌GFM-500C型基站电瓶盗走,a6176d9334df4c978304aa9c012aa60c
1,牟加飞驾驶无号牌超标电动车,66cd545fe39a4a218be0a88001839cc2
1,二、甲方承诺不参与乙方现有闻泰（魅族项目）、桑菲及桑菲OMD项目的直接供货,e973d8ab52d24a638dd3ab1800a997fd
1,在此期间汤成利必须协助娄虎财先生追责电池事故的追责事宜（产品在客户使用时发生电池爆炸,ceda8e04770f4dd2ba0faa8b0182d47c
1,该机构评定时的参照标准为《人身损害误工期、护理期、营养期评定规范》（GA/T1193-2014）第4.7.3条、第4.6.1条、第7.6.1条、第9.1.1条、第7.2.1条、第10.2.1a条、第7.4.1条、第4.1.1条、第10.1.2条、第4.9条和附录A第A.4条、A.5条之规定,602dacb55fa64534bc6da9e100120cc4
1,从销售员被告司明辉处购买了依莱达牌电动车一辆,27869c4889c7411a8147a76200ea38ba
1,原告牟加飞驾驶无号牌超标电动车,301d426bcaf346f6b45ea9df0177545d
1,原告牟加飞驾驶无号牌超标电动车,678f827d309044bfb835a9da01740deb
1,原告牟加飞驾驶无号牌超标电动车,3afde144a97543149642a9dd0176bb03
1,原告牟加飞驾驶无号牌超标电动车,db8d7f5746bf4f0b8e43a9e00177a9c2
1,原告牟加飞驾驶无号牌超标电动车,55581e19a5ea4eb8aaa1a9fb01768d0c
1,徐小婷网购了一部联通4G版小米手机4,a6703e50afe347ba9ad8a81e00989797
1,郑某提出送张某1一部手机,a99547d473f3400c9079a8950099340a
1,李显高在自家卧室内拿充电手机时被电烧伤面部、左手及全身,3a7da0f002374b8683fcaa0a00f9295b
1,鲁云飞陈述称系正在充电的三星手机充电器起火,73f4eee16c8d4b87b34ca9920164fcb9
1,包含王欢所有的川Ａ×××××梅塞德斯奔驰C200L轿车,bc9d00ae9a8e440b9949a9920164fdfc
1,包含冯陈程所有的川Ａ×××××奥迪A3轿车,056bfb96f9d9492e94c5a9920164fbbd
1,一审法院认定事实：王杰向天联通信商行购买涉案手机,40db4509324f436a9d68a8f2009e97b7
1,包含王欢所有的川Ａ×××××梅塞德斯奔驰C200L轿车,2efb7fafc5c24e869307a9a90007b1e4
1,包含冯陈程所有的川Ａ×××××奥迪A3轿车,718ee5fe74e0410daecca9a90007b268
1,曹某某乘车携带该毒品至牡丹江市XX收费站与井某某交易时,7030f1b37512413e9c3ea8e90095c905
1,本院认定事实如下：原告向天联通信商行购买涉案手机,115e10fa98f345119ee9a84700b4a55a
1,被告交通开发公司将垫江县S102北门转盘至峡口段道路改造工程发包给被告金光道公司施工,4b38f2f1a49a40fb8394a4e98a778244
1,郑某提出送张某1一部手机,a99547d473f3400c9079a8950099340a
1,李显高在自家卧室内拿充电手机时被电烧伤面部、左手及全身,3a7da0f002374b8683fcaa0a00f9295b
1,鲁云飞陈述称系正在充电的三星手机充电器起火,73f4eee16c8d4b87b34ca9920164fcb9
1,包含王欢所有的川Ａ×××××梅塞德斯奔驰C200L轿车,bc9d00ae9a8e440b9949a9920164fdfc
1,包含冯陈程所有的川Ａ×××××奥迪A3轿车,056bfb96f9d9492e94c5a9920164fbbd
1,一审法院认定事实：王杰向天联通信商行购买涉案手机,40db4509324f436a9d68a8f2009e97b7
1,插手机（充电）时手机爆炸了,2117043185da49b29c37a98500b728af
1,鲁云飞陈述称系正在充电的三星手机充电器起火,64f40426ca564ae2a5e5a9a90007b2dd
1,包含王欢所有的川Ａ×××××梅塞德斯奔驰C200L轿车,2efb7fafc5c24e869307a9a90007b1e4
1,包含冯陈程所有的川Ａ×××××奥迪A3轿车,718ee5fe74e0410daecca9a90007b268
1,曹某某乘车携带该毒品至牡丹江市XX收费站与井某某交易时,7030f1b37512413e9c3ea8e90095c905
1,本院认定事实如下：原告向天联通信商行购买涉案手机,115e10fa98f345119ee9a84700b4a55a
1,被告交通开发公司将垫江县S102北门转盘至峡口段道路改造工程发包给被告金光道公司施工,4b38f2f1a49a40fb8394a4e98a778244
1,被告李汉旺因违纪被原告按照2008年版《员工行为规范与奖惩规定》予以第一次书面警告（B1类）的处罚,5e8cfd487ac94c47bd6da9bd0050c21d
1,两间用于经营永康市东城阿楼手机经营部（该个体工商户已于2016年9月8日因自行停业注销）,15649ef336bb4e44b459a79a01167282
1,并驾驶白色轿车（湘LEE77）先后将王国成、彭杜接到车上,7e212e8d40604d8ab96fa033017e47c3
1,本院确认如下事实：原告系原福清市文化大厦一层A15号店面的业主,1ca433fdc7924e78970cb9fc8e444b58
1,原告邢永强驾驶被告马金怀名下的楚风牌重型半挂牵引车（冀Ｆ×××××）由西向东行驶至津汉公路39公里+300米处,e40be31af6e3437486c3aae700145995
1,与由南往西左拐弯的被害人刘某6驾驶的无牌黑色“优狐”两轮电动车相撞,73c0d388c6bc44c699aca9c70032f0d9
1,导致两车损坏、赵鹏受伤、赵鹏两台笔记本电脑及一部手机损坏,04552bbcaf224014976aa8e90010be6c
1,张永润驾驶车牌号为鲁Ａ×××××小型轿车由梁庄社区驶入张梁公路左转弯时,40bdf05fab83498b9005a8af017de561
1,张永新血液内乙醇含量为310.33mg/100ml,d031644bab434ed291a8a82d0124483d
1,吴理想持B2D型机动车驾驶证驾驶其所有的苏Ｃ×××××号小型轿车在安国镇杜楼村附近与马宜后驾驶的电动三轮车发生交通事故,c6e2fabdf3334249aed8a7b300a96aa8
1,其正乘坐在高景崇驾驶的事故车副驾驶座位玩手机,60e01879c551409a9ea6a7a50126789d
1,上诉人（原审被告人）张天伟驾驶川Q×0重型特殊结构的货车从宜宾市翠屏区经新宜长路左侧车道往长宁县方向行驶至新宜长路35km+100m处时,4124ed2228e345489c5dac88bbde1212
1,刘某某驾驶晋J×××××号丰田牌小轿车沿国道307线由东向西行驶至田家会村路段时,b9f2d7c6c10a41228cea9dac553a5391
1,刘某某驾驶晋J×××××号丰田牌小轿车沿国道307线由东向西行驶至田家会村路段时,2a6e321aec9a404d81017af3f6653163
1,由钟秀花驾驶的粤T／7K7＊＊号普通二轮摩托车发生碰撞而肇事,15879d0c6dba4a55ac96ea0e31bef69f
1,唐桂苹未携带手机,42d4bef8f3324d17b54503af75f6affd
1,吴会风持有A2E驾驶证,e4f056493bc74bf9821dab470099ff13
1,梁荣鹏手机损坏、两车不同程度损坏之道路交通事故,23f456b1366d4657a71eab35001699b7
1,009.40元、购手机5,327f802e9a40475aa881ab34009a9574
1,青县鸿腾汽车运输有限公司的工作人员被告韩玉江驾驶公司所有的冀Ｊ×××××号解放牌重型半挂牵引车,0a8ef505d9cd45e3a41fab340127338d
1,郭永飞驾驶豫Ｒ×××××号东风牌重型半挂牵引车,9905f24761954b538298ab25009ac70d
1,向微信号为“shx20180202”的卖家（另案处理）购买伪造的身份证件,4966a47cf1b74b7ab7e9ab1f0108d33d
1,证据五、摩托车照片、摩托车合格证（摩托车损失5000元）、手机收据1299,b5e4b1e59f544521a361aa3b00e997c5
1,被告人薛少东持C1M驾照（准驾不符,1f519796d6f246a587d8aa3400356d8c
1,原告邢永强驾驶被告马金怀名下的楚风牌重型半挂牵引车（冀Ｆ×××××）由西向东行驶至津汉公路39公里+300米处,253c854c51ab4c1ea7dcaae000a0a622
1,被告董贺金无证驾驶无牌照豪爵牌两轮摩托车沿沈盘线由西向东行驶至沈盘线92公里100米处时,60cf4ee3767a42ec9da7aa23010dab1b
1,被告人秦善文驾驶茌平县鲁信运输有限公司所属鲁PC5895号解放牌重型半挂牵引车行驶至青银高速（银青方向）1008KM＋30M处时,bc9588c92d42465fbdc4aa2200c4b22a
1,（10）手机损失4960元：原告提供的证据不足以支持其主张,58ad263cf6d244139d06aa8f009f4a4b
1,被告郭朋驾驶其借用的陕A0XXXX号小型普通客车沿秦汉大道北侧非机动车道由西向东倒车时,f36894a18f0045aa9afca9bd00fb4f60
1,被告人向某驾驶车牌号为浙Ａ×××××的江铃牌轻型厢式货车,94188139c9e7406ab2c7a9bd009bfaa6
1,当时自己正在车内低头玩手机,1e57c54cacca49088991a96b006a7152
1,被告持超过有效期的“G”证驾驶无号牌时风牌四轮农用车,14beda53b47c4570aab1a96c003cbf88
1,黄梅驾驶车牌号为皖Ｎ×××××号小型轿车,7d7cd6a038fa486c9359a94d0155b5cd
1,与由南往西左拐弯的被害人刘某6驾驶的无牌黑色“优狐”两轮电动车相撞,034cd83cb734448390eca92d00a37ae3
1,与由南往西左拐弯的被害人刘某6驾驶的无牌黑色“优狐”两轮电动车相撞,0c903aa64b514cbea675a97b0036457a
1,伪造车辆碰人碾轧手机事故现场,76590096ce2743e2aa49a9140099883a
1,在行驶至垣孙高速公路（孙垣）78KM+200M处时,b510832c07534876a6a9a8eb0130b8e8
1,但是原告主张的在交通事故中造成其手机损坏的事实不予认可,cca91bc40cb44983b65da8e2012047ef
1,被告耿昊天驾驶苏CK5000号小型轿车沿徐州市德政路由北向南行驶至东方美地小区一期西门对面时,f577f683f2584e059ef3a8d500952523
1,被告人李财顺无证驾驶无牌改装的重型平板货车,9c8c19d4cd2a409aae66a93e0035be25
1,被告人张厚轩驾驶皖Ｋ×××××重型半挂牵引车牵引湘Ｕ×××××重型低平板半挂车行驶至S2广河高速公路石坝互通往广州方向匝道（G25长深高速公路南行转入S2广河高速公路西行往广州方向匝道）路段处,b1f4e45f579041b589faa86b0099faa6
1,潘海洋驾驶的XXX小型普通客车,eccbe57bc95b427cb47ca9e000e53003
1,导致两车损坏、原告受伤、原告两台笔记本电脑及一部手机损坏,839aa5d4bd244f6ba766a8e50010bdce
1,被告张永润驾驶车牌号为鲁ARXXXX小型轿车由梁庄社区驶入张梁公路左转弯时,94857caf60c84fa38b4da92a0102fbb0
1,熊美娟损坏一部苹果5手机,e6288a28913d43658f30a81f01188426
1,交通事故还造成了杨杰手机的损坏,d213fb4132a648d0b3c8a8450025ab5e
1,案外人何辉驾驶冀Fxxxxx小型轿车沿陈仓大道由西向东行驶至朝阳花城门前处,ec6d7bb1da9e4c919c2fa7df01105683
1,李康华驾车超速行驶至本区G325线XX村路口路段时,ac659eb28d464529b5dfa7de00964b9c
1,王闯只陈述事故系其驾驶自行车超越同方向在前接打手机的王治国所驾驶的电动自行车十余米后,73fa802115ec47ecadcba85700b24c9b
1,在S302省际通道73km+450m路段,5ad6493707974a9e88b3a80c00f96528
1,当行驶至公永路公主岭段15KM+600M处时驶入道路左侧,7b824c67ec844401a775a7b500ba5ba2
1,原告手机损坏,9f14b33872f34cf3bf34a797009cec3a
1,证据（七）：原告敖某某手机购买发票、损坏照片及交警部门出具的证明,d9723d24a82d43f4ad89a7b800224297
1,证据（七）：原告敖某某手机购买发票、损坏照片及交警部门出具的证明,1dec966ec5264f9d8feca74000aaca51
1,被告程某某驾驶赣CG9XXX号小型轿车由新街往八景方向行驶,a0654ae023c340058958a74000aaca25
1,其一部白色三星手机受损的交通事故,6cd0ea953b184c279578a784012a6df7
1,×××号哈弗牌小型轿车的所有人系林小远,18fabedd017047f88b80a74700b99926
1,李扬眼镜和李代峰手机受损,d74cef16178646b79ef6a74000b3b67c
1,佛山市南海区公安司法鉴定中心出具DNA鉴定意见为上述血样和粘附物的检材与曾勇全血样检材的STR分型相同,5a6e1c4909154cb3b56ca843009ed9ac
1,被告郑小定驾驶被告亓建红所有的晋MU****号五菱小型普通客车沿沁东线由西向东行驶至76公里＋18米处时,f3ec539c200a4246b146a791009ed9e9
1,与沿朝阳路由北往南行驶的由被告黎某某驾驶的赣J413XX号中型普通货车发生碰撞,30f1917b13f44ccbb10b7d41ed5f15b8
1,被告臧永发驾驶鲁AD5758号牌大型货车沿旅游路由西向东驾驶,3e5b8a01ca02454a8dc586474b1db015
1,被告人宋某甲驾驶鲁B×××××号宇通牌大型客车沿胶州湾高速公路下行线行驶至42公里＋700米处,323b89fcfecb4fde9a8f98dd9fe8e272
1,被告人朱某某没有手机,1db860a3a5f043a1b6243c85bdfcca9d
1,构成XXX伤残,55368abb483648268939a767008e917b
1,经诊断：T12椎体压缩性骨折、1级高血压、腰椎间盘突出症,0cb3e2f5b4c4403280e6b3dfaafd1315
1,11、ICU收据一份,0be2ebb4378340bd90ee49ed67536c66
1,11、ICU收据一份,70f5ea55475f451cac2c8b4e03a5d2fb
1,曾海燕驾驶“欧美达”牌自行车由南向北行驶向西横过道路时,64db285a4fc04bcb92ad6671b35a4a90
1,被告人董某某未取得机动车驾驶证、醉酒后驾驶蒙LAM623号二轮摩托车（车后乘坐白某某）,c21b56232c4946e8ad25cdf908c0503e
1,自北向南行驶至飞毛路1KM＋800M路段处,bc5c987ebbd644bc9977e18c6b3ac59e
1,被告人王×驾驶车牌号为京AN8353的宇通牌大型客车行至北京市丰台区西三环路外环辅路丽泽桥北侧,c1f3824347c54d0daa9f85622fbb647c
1,被告人赵奎驾驶贵A4449H号小型面包车由大方县长石镇往贵阳方向沿广成线行驶,f78037c021094798bec3e52018e0bbed
1,蓟县侯家营镇付庄子村侯某1驾驶车牌号为冀Ｒ×××××小型客车经过此处碾轧倒地的被害人刘某5身体,e2fb8f9c7b004e2abb35a7460162a141
1,被告人黄某甲驾驶车牌号为冀R×××××号轿车由南向北行驶至文安县采留线23公里400米处时,22398dd82b89416b8c7bf451f163a97f
1,被告人黄某甲驾驶车牌号为冀R×××××号轿车由南向北行驶至文安县采留线23公里400米处时,b679ff5e6c4a47c586dd5519eea061a8
1,被告人某某驾驶车牌号为冀R×××××号轿车由南向北行驶至文安县采留线23公里400米处时,e87d140eebcd41a9b9265669608f80fd
1,殁年48岁）驾驶的沿314省道由南向北行驶至此的无号牌电动自行车相碰,10359f6343f54c359a81e53ca6803296
1,被告公素文驾驶晋E＊＊＊＊＊夏利牌轿车在原村乡冯村村道路由西向东行驶时,bbfbac9817cd405792791952171e4db7
1,被告姜永刚驾驶鲁Q895Q6号小型汽车沿河东区北京东路由东向西行驶至公安分局门口时,face71974f934840ac2c7a6f912474a8
1,致原告王宜文受伤、车辆受损、手机受损,2ea5fa33f7054ce0ac4161d362936bad
1,被告黄建峰驾驶赣A27818中型厢式货车由抚州市往崇仁县方向行驶,7da030d73db6413588165b652c3c13c3
1,与原告驾驶的晥AXXXXXX普通二轮摩托车发生碰撞,2798ad119bbe4ffe821ebb1e64f018d1
1,本院认证如下：一、国元农业保险股份有限公司铜陵中心支公司和中国平安财产保险股份有限公司铜陵中心支公司对袁华坚提供的证据（五）电动车修理费和手机发票不予认可的异议,6bf9608b10b94f6ab92629a1fbf57383
1,手机损失1,d077fe2204254b868ee27499f7c610a1
1,被告刘宁华驾驶冀T26687号车沿冀新公路由东向西行驶,3ad71123dfed4b8f92b4c035ec34000f
1,造成郑康华、陈建忠及包括原告王彬在内的乘坐闽Ａ×××××号大型普通客车16位乘客受伤、原告手机一部损坏的交通事故,0dbeb7bc0a5c4a86b499a8fe00a0b5aa
1,案涉房屋厨房内抽油烟机起火,6e8a39614bfc4b878a97ab2f0166c858
1,被告人邱建农、余传锋、傅森江明知排油烟机长期未按照标准工况安装全部五条传送带,78cd8ab01b9e41e4a387a86c00a5e175
1,"黄慧萍自东东油烟机店购买""小天鹅""油烟机一台",cbe10e8da2134278bf7ca86a0097a64b
1,导致厨房的灶具和油烟机着火,f95bc3aab05e43b0871955de567ab96e
1,发现油锅和抽油烟机着火,bd20fb74034e4312aa44e50a67631f12
1,将事先准备好的淋膜液倒入梁某家的抽油烟机烟道里,bf0c0e119a0e43059a6eaad50070a5b8
1,因李尊田要在该店铺内安装抽油烟机,2edbd642b0ca4b4ab34fa7c400fa568f
1,起火点位于厨房燃气灶,19198b27a7a8404c84e293cd9c07785c
1,2、排除燃气灶起火原因,a22c3d644f74453f99fa36f527c19f33
1,2、排除燃气灶起火原因,1678390c44604baf8e7963fbc5029ff4
1,起火点位于厨房燃气灶,d05fb05159c94e04b28e99347d9975a5
1,原告在晓培卫浴商行购买方太天然气燃气灶一台,99f0e0d413de4d9cbdc6ab1200f95c62
1,经诊断为：眼睑外伤、眼球爆裂伤、眉弓处有一长约4cm的不规则伤口及眼眶多发骨折,926bafcaa9c5483c96dda2d0d6f44e09
1,原告在晓培卫浴商行购买方太天然气燃气灶一台,41226441c4c448818f71aaf1011ac9f7
1,欠款人：陆峰（加盖指印）陈爱华身份证：51072219660124XXXX（盖利民公司公章）2013年.4.10,a8381416c0d34272b2f5a7fe00eedbdc
1,协议内容如下：“余素英（甲方）在2012年12月20日在三台利民泵业（乙方）购买一台欧派HW11-10L热水器,a1dd41e0ed164341a55da75800945343
1,一审法院认定事实：邢辉自任丘市红昌厨具店批量购进标记着“华帝”名称的燃气灶等灶具产品,8fd0cf6e77574977a06ba9cf00116f24
1,康书行出售给赵淑红的燃气灶质量不符合国家强制性标准,47b2111c69d34c48a144a9a9001301cb
1,邢辉在任丘市红昌厨具店批量进购标记有“华帝”名称的燃气灶等灶具产品,3b69cf359e2848a1a9bfa900001189f3
1,陈小香一直用电磁炉起火,a7d4d54354c844688e2aa9ac009df231
1,李冬仙与常熟舒旺高电子科技有限公司间的房屋设施交接单中无电磁炉一项,723a795de96e49ad8c0eab1e00ace28a
1,说电磁炉起火不是事实,6bd521a45da34e8bb6accc2f28cdaa8b
1,说电磁炉起火不是事实,3ef850acbeff4f94a078babaeb5415f9
1,被告几次说是电磁炉起火,103a96618a2b49b082975de88d800406
1,说电磁炉起火不是事实,b1e8fe8d553a43a88a98e7184f653b53
1,说电磁炉起火不是事实,f0b4f3cc80c040f2a182554c7745a055
1,说电磁炉起火不是事实,10b08c2fa970437a92e40019b4ab5c4b
1,说电磁炉起火不是事实,2440c8d5964841a9941f323c702fc7dd
1,说电磁炉起火不是事实,bc783c0d0c884f9b855b794541968bcb
1,说电磁炉起火不是事实,bb61d539fec340839c8ac59b88f5e4dd
1,说电磁炉起火不是事实,774a162d00e541ca8ad58f09d1f2cb7a
1,说电磁炉起火不是事实,b1739804913e41ac8ae651ccfd100737
1,并安装在其家的电磁炉上,64aa05bedd6842108a9da9c600fac9b2
1,并安装在其家的电磁炉上,33724b53e19840ab9ce4a918010cc7e0
1,李冬仙与常熟舒旺高电子科技有限公司间的房屋设施交接单中无电磁炉一项,723a795de96e49ad8c0eab1e00ace28a
1,本院确认如下法律事实： 原告朱玉仙的丈夫张继成为曲靖市号一土木结构的两层房屋[地号：D-（13）-65]的登记的所有权人,a813fae2e9b8483ebd76aa1e010fbfdf
1,本院确认如下法律事实： 原告张丽为曲靖市40号一土木结构的两层房屋[地号：XXXX]的所有权人,cfe4f366838849c096d5aa1c0099064c
1,被告人在饮水机上点燃围巾和外套时,eb2f51f05e7349aea1d2dfe8d4f3cd0b
1,起火点：客厅餐桌与电风扇之间位置,ffd5723bf5844c3db7fba85900979a5f
1,因美沁厂客户吴涛采购电风扇所需,58b6034aab4449baa83ea1a68b3ef2a3
1,原告为将电风扇发往齐齐哈尔的客户,bbd7c5d433254224bf4559b0ef2bd776
1,因美沁厂客户吴涛采购电风扇所需,58b6034aab4449baa83ea1a68b3ef2a3
1,原告为将电风扇发往齐齐哈尔的客户,bbd7c5d433254224bf4559b0ef2bd776
1,张林平与张如孝的儿子张林胜及村民王兆永、王凤忠等人在张林平户一楼打牌,5c32894adbb14c5b950eab2a00c5e8c3
1,华阴市XX大队作出的（2018）0003号《火灾事故认定书》,df7825491ff84391a89cab27015fce3c
1,起火部位为客厅内冰箱位置,b8a9f0830867489b907ea9ce00c330d1
1,并未造成被上诉人家物品电视机、冰箱、洗衣机等的损失,ff5f9a2aa6864487a7046eb0c2caea9f
1,导致原告家冰箱起火,56bafd1075f34caa8820ab36009be0a6
1,经审理查明：被告李某某承租了二原告位于洋县XX镇XX村XX组的自建砖混结构楼房的二楼三间房屋用于粮油蔬菜、日杂百货等个体经营,17788c0226334f429c96aaf8015ee3ab
1,起火点为商铺内南侧存放豆腐电冰箱,85137e62ca0f4c9ca5d2aae800e52517
1,起火部位为观澜一品小区12号楼2单元2111室厨房冰箱,01d9b06c76b5450ab09caa5600a92318
1,起火部位位于老杨家腊排骨店厨房放置冰箱、餐具箱等物品处,f7483eeda7de48dfb822aa5e0099f574
1,认定8-1-601室房屋的起火原因是“电冰箱及旁边储物柜上的用电器发生电气故障进而引发火灾”,b20d0e543ddc4bd88925a9de0131af85
1,经审理查明：2018年7月13日原告刘文信需修理冰箱,ef726cee9c2b4bd1a0c3a9c50153a75b
1,合同约定：被告呼和浩特市金马商贸有限责任公司将xx号商位出租给原告,d1256af715e643a8b340a7f200f965f7
1,合同约定：被告呼和浩特市金马商贸有限责任公司将xx号商位出租给原告,b90474b7ac924e18a8cca7f700fb6c3c
1,被告提供冰箱、洗衣机、电热水器、两个房间的空调等电器,0dd497971ee144b08a21810d132ac89f
1,XX号叶昌华家发生火灾,62a7b6259317499db35769871c072f00
1,在其母被害人周某甲与其姨妈被害人周某乙共有的重庆市北碚区XX湾XX号房屋内居住,a6c9646d1f50417cae63d064b6feb19e
1,②双方约定冰箱不能作为冰箱使用及原告责任的排除,03c34a15ba524a0da454ab16fa815923
1,被告李顺富使用电瓶及其购买的220V变压器为电视机、冰箱供电以备使用,58b907f7f6114aed850eab3c00998fd2
1,1、月票票价：(1)按层计算：张/人=10元（第三层）+0.30元×（N-3）,b74ed77967b4473a82dbaa61010b44e3
1,1、月票票价：(1)按层计算：张/人=10元（第三层）+0.30元×（N-3）,5a4bd252f56f4236bd24aa61010b45b1
1,1、月票票价：(1)按层计算：张/人=10元（第三层）+0.30元×（N-3）,ec049acf2eac4f90800aaa61010b454a
1,起火点为商铺内南侧存放豆腐电冰箱,85137e62ca0f4c9ca5d2aae800e52517
1,起火点位于创业渔具店内冰箱处,454701733e4c45a088f0aaf00094f9d4
1,厨房内一电冰箱着火,c1ba108731a4497f8ea2b99feb1bb5c1
1,火灾烧毁该水果档建筑及铺内冰箱电器、水果一批,bff09e95add44bb59ece415e8228daac
1,约定和鼎公司将尚汇灯光夜市xx、xx号铺出租给被告钟立宏作水果档使用,009e3e0cd5684f8fa92f66419c124eb4
1,②双方约定冰箱不能作为冰箱使用及原告责任的排除,03c34a15ba524a0da454ab16fa815923
1,起火点为该饰品行内东南侧格兰仕空调内部,9004bf4fe26c4b76bf268bed35ff7e1e
1,起火原因是被告空调接线盒内起火引发火灾,738f4135668443c4bcb3aa07017bc802
1,市供电公司对存在安全隐患的表箱进行消缺工作（工作票编号：线I201508002、停电申请单编号：201508031）,27ce7038b33146e1bcd7a80700a4b1aa
1,乔家军在万家经营部购买了“T派格力空调”一台,8121a017ae2c48f9b7b65e758e982377
1,对起火原因认定如下：东城尚品小区14栋1单元2103室客厅柜式空调电源线电气线路故障引发火灾,e1d32ff2b70340fea7b8aaa10137fb37
1,融资购买北汽福田厂生产的福田牌BJ42575MFB型52柴油车租赁给唐国庆,da3918460d7542f78071aaf501843f7b
1,四台未使用的空调,2246b6185c3949c2993faa5e017f80af
1,酒店内的一台格力空调出现自燃,bdbaaf0e2a02479a8481a9a90016d193
1,被告出租给原告居住的北京市朝阳区X室空调室内挂机起火,3b779df788254c39b240a8fe00109dd5
1,原告乘坐被告所有的顺23路公交车（车牌号×××）外出,d61b4a7fd9e841028c59a8f7001157b4
1,不排除因卧室内电器线路故障导致电器设备起火和空调自身故障导致空调起火后掉落地面引燃周围易燃物成灾,4049ee4ed717494fb6cda904012a6778
1,不排除因卧室内电器线路故障导致电器设备起火和空调自身故障导致空调起火后掉落地面引燃周围易燃物成灾,582a7b03ac7e460cbf7da904012a9f6d
1,不排除因卧室内电器线路故障导致电器设备起火和空调自身故障导致空调起火后掉落地面引燃周围易燃物成灾,f591124c58c148a38b1da904012a5ae4
1,原告自被告处购买美的空调一台,85d33ba118074abcafc6a7e7010065c9
1,约定九扬公司将九杨香郡花园XX幢XXXX室出售给周黎敏,2a8d7f79810b493988c3a74600f19561
1,位于曼弄枫国际家居商城鑫豪装饰材料总汇商铺二楼办公室西北角的立式空调内机控制面板过热产生高温,325188084d3c4bba9310aa7a0104dd63
1,被告舒帆系上海市天宝西路XXX弄XXX号XXX室房屋所有权人,7bec6deac06e4652823101e5bc380e9e
1,起火原因：住宅客厅东北角的空调电气线路故障引燃周围的可燃物所致,337a8b8b96b4496fb9ee8c55ca69cb06
1,合同约定：被告向原告购买不同规格的美的空调82台、美的中央热水器1台,a76395c49fb041c8aacfe934c48b0f2e
1,被告王山容、宋月华经营的鑫豪装饰材料总汇商铺（位于景洪市曼弄枫国际家居商城第13栋）二楼办公室西北角的立式空调发生火灾,5f4c68fbd7ee4b44a3a5aa790119b590
1,原告乔家军在霍邱县高塘镇街道高塘万家电器购买T派格力空调一台,83a347727f78451cbc31a8b4b7ccee1d
1,委托其对新设备合同号为F8NR0545-48、F8NR0543-44、F8NM1529、F8NM1531、F8NM1530、F8NT4873的六部电梯进行维修保养,a452adae44e84f6c85eed8f8ec8131c4
1,排除电线起火、电动车起火、空调起火的可能性,d25ef2ad0bd44eeea411576f1808cd29
1,于×从大中电器密云公司购买伊莱克斯空调两台,906fbb2b5e594a31989ea76f00a59528
1,酒店内的一台格力空调出现自燃,bdbaaf0e2a02479a8481a9a90016d193
1,于洋从大中电器密云公司购买伊莱克斯空调两台,627f2fea92384ea19863a760000dc524
1,维修放置在食堂休息室的空调,9aae16c488f14f65809ca90a00e5b538
1,维修放置于食堂休息室的空调,1c7e94cec86c4fa8ae30a81d012b3385
1,维修放置在食堂休息室的空调,5732b829a66f4da5906ffa736aacbd73
1,证明原、被告之间的雇佣关系及原告在提供劳务过程中因空调爆炸受伤的事实,c8fdbb71aed74d9b9c58a8f200aa9792
1,案外人宁占军家的中央空调系由被告雇佣的人工所安装,0cfea87d63744728bd26a8c800f050b7
1,原告分公司山东丰源通达电力有限公司中科生态分公司（以下简称中科分公司）从被告格瑞电器公司处购买格力空调一套,df5422ac1f3d44bca9bda81c01820d6a
1,**在金坛市朱林镇金星家电中心仓库里因维修长虹空调被炸伤,d63663b9fce24e0f851efd6ce2400919
1,维修放置在食堂休息室的空调,055213a9f842492b9583e877191fc8b0
1,被告于同年6月6日在维修空调时因旧空调爆炸受伤住院治疗,28c453bb697049338aaffbde92c43c09
1,证明上诉人购买被上诉人商店的空调,c55d7b36802f49d5a45fab30012d3b84
1,于×从大中电器密云公司购买伊莱克斯空调两台,906fbb2b5e594a31989ea76f00a59528
1,舒帆系上海市天宝西路XXX弄XXX号XXX室房屋所有权人,fd5fcc2e6d664daf97bbfe80557a9ded
1,纵火焚烧空调外机的犯罪事实,9fe91858134a4c22a8f97fa5e1ea1226
1,房产证号为赣（2018）安义县不动产权第XXXXX号,63fe5257100546f486efaa34004e6279
1,X房东侧靠南半部分的卧室窗下安装有两台空调室外机,e47554168416452487efaa7e002b09e5
1,交房时房屋内有空调一台,51e3b4b110564fc8a6dca73500bb343b
1,被告舒帆系上海市天宝西路XXX弄XXX号XXX室房屋所有权人,7bec6deac06e4652823101e5bc380e9e
1,刘某某家是空调着火,4fcd43550e7e4222b51ae5e824941eed
1,劫取现金人民币1500元及中华牌香烟4包（价值人民币144元）、红七匹狼牌香烟4包（价值人民币50元）、玉溪牌香烟5包（价值人民币95元）,ce6cf0319d694c6c9d11d85e589c3eaa
1,因雇工周希（案外人）在博元宾馆安装空调死亡一事,2351def5495c4f35b87faa64018241f4
1,因雇工周希（案外人）在博元宾馆安装空调死亡一事,64b22ccd7c734bedac06aa790183ec60
1,我向李中辉出售的是旧空调,a130987605ab439d9942a8570111b5bb
1,持有为安装、维修空调的美的服务工程师证,6666be54dd8447bf8abb077f31b9344e
1,由陈平秀以100元的价格请陈军给陈平秀、王秋荣做空调移装,40be52155978415d828d950de8ce40e1
1,因雇工周希（案外人）在博元宾馆安装空调死亡一事,7de3acceb8ae440ba36da9f5017f780b
1,因雇工周希（案外人）在博元宾馆安装空调死亡一事,7fdba1557e694fd694faa9d90180483d
1,持有为安装、维修空调的美的服务工程师证,2345cded05234a75a562f16450d1145b
1,持有为安装、维修空调的美的服务工程师证,a6c179910e0f4dd2b760a808971d4f85
1,孟宁虎家因空调故障,340f48513e884ee2ba13aa6f00e5f922
1,裁定将蜀东商贸公司在万州区白岩路X号蜀东宾馆第XX楼419.52平方米、第XX楼房屋419.52平方米产权过户登记给建设银行云阳县支行,c37d50336c044cb69bcfaa3700fa6515
1,信达资产公司将该两层房屋及蜀东宾馆的锅炉、电梯、洗衣机、烘干机、脱水机、程控电话、中央空调各一台/套组成资产债权包,9ed8a68d71ce4e24b426aa3700fa67ad
1,信达资产公司将该两层房屋及蜀东宾馆的锅炉、电梯、洗衣机、烘干机、脱水机、程控电话、中央空调各一台/套组成资产债权包,97ad7335d9e34e27b7c1aa3700fa666f
1,取得蜀东宾馆第十楼房屋的所有权［XXX房地证（2011）字第XXXXX号］,c259a9449cc44f438535aa3700fa65a1
1,信达资产公司将该两层房屋及蜀东宾馆的锅炉、电梯、洗衣机、烘干机、脱水机、程控电话、中央空调各一台/套组成资产债权包,1a2b8ab0c67d41cd8a27aa3700fa6640
1,取得蜀东宾馆第十楼房屋的所有权［XXX房地证（2011）字第XXXXX号］,8e79245307cc4c6ba6f5aa3700fa672f
1,万州商业银行又取得蜀东宾馆第XX楼房屋419.52平方米的产权,4738a0c2d8934c83b055aa3700fa65e3
1,万州商业银行又取得蜀东宾馆第XX楼房屋419.52平方米的产权,a7cd671eaf2b42da8923aa3700fa66ac
1,取得蜀东宾馆第十楼房屋的所有权［310房地证（2011）字第XXXXX号］,985664fe2be54f349d40aa3700fa6771
1,信达资产公司将该两层房屋及蜀东宾馆的锅炉、电梯、洗衣机、烘干机、脱水机、程控电话、中央空调各一台/套组成资产债权包,272357dba3c24f97b1f7a81d015614eb
1,空调未通电,b314abbe4cdb405d81a028d289365eb5
1,孟宁虎家因空调故障,40109caf2e0543188428ab3c00acc3f3
1,信达资产公司将该两层房屋及蜀东宾馆的锅炉、电梯、洗衣机、烘干机、脱水机、程控电话、中央空调各一台/套组成资产债权包,07814ed554e947e1aa5fa8330109e817
1,靠墙处有空调外机,5205efcde9094f3398f0ef8f2da9266b
1,信达资产公司将该两层房屋及蜀东宾馆的锅炉、电梯、洗衣机、烘干机、脱水机、程控电话、中央空调各一台/套组成资产债权包,f26ad0147baa46e89e3daa9400b93090
1,信达资产公司将该两层房屋及蜀东宾馆的锅炉、电梯、洗衣机、烘干机、脱水机、程控电话、中央空调各一台/套组成资产债权包,5f4fa802f2ea4217ae1daa9400b93034
1,信达资产公司将该两层房屋及蜀东宾馆的锅炉、电梯、洗衣机、烘干机、脱水机、程控电话、中央空调各一台/套组成资产债权包,0aacac4ee1054cbc8a17aa9400b92ff8
1,信达资产公司将该两层房屋及蜀东宾馆的锅炉、电梯、洗衣机、烘干机、脱水机、程控电话、中央空调各一台/套组成资产债权包,a3fc9b4bd280482fa405aa9400b92f78
1,信达资产公司将该两层房屋及蜀东宾馆的锅炉、电梯、洗衣机、烘干机、脱水机、程控电话、中央空调各一台/套组成资产债权包,5a53e4ec120c4817a41daa9400b93012
1,信达资产公司将该两层房屋及蜀东宾馆的锅炉、电梯、洗衣机、烘干机、脱水机、程控电话、中央空调各一台/套组成资产债权包,a6d81f267b6e49f38321aa9400b9305d
1,信达资产公司将该两层房屋及蜀东宾馆的锅炉、电梯、洗衣机、烘干机、脱水机、程控电话、中央空调各一台/套组成资产债权包,21d887bf017d4ae98ff2aa9400b9307c
1,信达资产公司将该两层房屋及蜀东宾馆的锅炉、电梯、洗衣机、烘干机、脱水机、程控电话、中央空调各一台/套组成资产债权包,da814509987840ebaef1aa9400b9304e
1,信达资产公司将该两层房屋及蜀东宾馆的锅炉、电梯、洗衣机、烘干机、脱水机、程控电话、中央空调各一台/套组成资产债权包,9f5b0e02c1f743bea9beaa9400b9306b
1,被告彭亮维修部与淄博商厦有限责任公司签订空调承揽安装协议,54e3559925fc49b59262aab9017e3744
1,九龙坡区格调电器维修部出具《重庆弘力物流空调维修明细》(692台,8f8ffe00e3c0497d9648a98a01281c4f
1,从事空调的安装和维修服务工作,61cf762651fb4939a56ea7e2015f82a6
1,张军义醉酒后驾驶京PP2838号小型普通客车由西向东行驶中,b516046932a34569878cb9f02e4a9a27
1,张军义醉酒后驾驶京PP2838号小型普通客车由西向东行驶中,9752af0f017e4edab577f333a86b1cc6
1,业主为被告张志亚）签订格力空调购销安装合同,08393604a7dc452db1b27aa83d1f4a10
1,业主为被告张志亚）签订格力空调购销安装合同,d8869e738e8d414ba23e8c3fb6d529eb
1,南山区前海路大新商业中心102号格力专卖店老板左明超打电话让我帮忙装八台空调需要多点人手,d93d34f5a2fb47f4815ca8af991df1a0
1,安装空调的报酬采取计件方式由麻阳同鑫修理部支付给杨建,150216b20f6f410e8329a7de00d1cdca
1,4.4乙方不得因奥克斯缤纷广场内的共用设施设备通过该房屋或有共用通道穿越该房屋等原因向甲方、管理公司主张减免租金或物业管理费……第五条经营品类及品牌乙方应当在该房屋内经营的品种为游乐,592a6a50592a4a7db374aaf701879955
1,认为原告提出王廷宝、张仁刚为被告开办的空调公司客户安装空调要求赔偿一节,2451dfba96d248fb9dd9aa9b0092a6b3
1,对其家中格力空调进行维修,05e81cbb9d3c4b4b98a6aa0900115771
1,桐庐县瑶琳镇卫生院迁建工程中原设计吸顶空调改为挂式、立式空调,7b5972dc0f2a4016b385a9d900f96a6d
1,九龙坡区格调电器维修部出具《重庆弘力物流空调维修明细》（692台,1e7efa6621404751a5c2a93200330164
1,本院认定以下事实：被告何陈明从其同学邬包军处得知精业公司在处理宿舍楼的旧空调后决定购买6只左右,a1ad4bcd44e343fca597a8590097075a
1,从事空调维修,0f2cb01475e94718b4e5a76200ed47b9
1,该协议约定：重庆弘力公司将合肥格力厂家的一批空调委托安徽长城公司从合肥运往济南,0a5cdc32d09b4d65933ca8580158e73a
1,原告在有酬劳为被告安装客户空调的过程中坠落受伤,71b2effe202446caa838fb9fe046ce46
1,蒙DN5659号车辆在我公司投保了交强险和商业三者险,2a4373dd40564797903ffc71c0124e7a
1,蒙DN5659号车辆在我公司投保了交强险和商业三者险,356e50b615ff45c5872d3788ec2ee958
1,张XX醉酒后驾驶京PP2838号小型普通客车由西向东行驶中,66ca0b4e36144dd9832bfc22e6d689b2
1,原告发现空调不制冷后向被告报案,59aa9c8c5abc467597068752d439c19e
1,被告谭春彦经营的理发店铁床上电热毯起火引发火灾,89f24158fd114f6ebb1aaaf800287ac4
1,起火原因为主卧室内床上电热毯蓄热引燃床上用品引发火灾,6ba0f74f43164762a8eda9c2011322a6
1,含量407.33mg/100ml,c47e0b53c35e4bc3b8dd5283a682bb5a
1,被告谭春彦经营的理发店铁床上电热毯起火引发火灾,dc6d4daaedf6463e96b0aafd00277a2f
1,一、二审判决书均认定火灾事故系电热毯质量问题导致,adf96cb6deb943d5807daa7800129db5
1,与被告一同住于梓山湖1栋1523号房的被告二在使用电热毯的过程中离开房屋,92f826a22ae34f419d64a9b500993af0
1,起火原因不排除向来恩、向平、向贵阳、何承群遗留火种或电热器（电热毯）起火引发火灾,1cda8e42055a49cdadc2a85600f4dc5e
1,电热毯的残片在原告李红旗处保存,de2372231d554b41baadf1d133a24d0c
1,电热毯的残片在原告李红旗处保存,cb02e21d54274710aa1110fd26530d92
1,原告与其丈夫黄永成购买的黑BF8329号解放半挂牵引车挂靠在富裕县粤华运输车队,897c0b867c344db185c4d18a83c63ada
1,原告在房屋内加工电热毯,c45eda3d9e8e42bfa1a7a82d007086eb
1,2011年1月16日靳会荣在学校值班时因电热毯着火被烧身亡,42fbe729462d4e7d9def04661c5141a2
1,原告王瑞强承租房内存放的电热毯着火,7d4a979689f5478aa3d66ba48472f9a2
1,王惊天在海宁饭庄403室房间内为其自有的雅迪牌电动自行车的锂电池进行充电,392426977efc4e8db794a576ad242e59
1,九龙坡区科园二街XXX号2-4-6号业主陈笑波取完快递回到家中,8c28d6ec2bb042c4b8deaa7200f8cf58
1,何鱼龙休息睡觉后（与同事刘机中睡在同一张床上）,c63afa50bb0f41569bb82d8c3a931425
1,被告曹淑兰向重庆市武隆区民用爆破器材公司租赁了位于武隆区XX广场负三楼的七间房屋后,b33b0dfadeff46c4b2f7ab1a0141eaf6
1,九龙坡区XXXXX业主陈笑波取完快递回到家中,55840353eb9544459e2aaa8600b27f98
1,认为起火点位于储藏间单人床,2b8b977110a047638af3a985001914fa
1,回家后发现沙发和床起火,8b5c6b62954c46d387b6a84000d51e55
1,将布料扔向铁皮房子前的一张木制工作台桌（“屠宰床”）上,39b14ae04e0248aaa783a7f9009f4505
1,甲方将坐落于北京市石景山区远洋山水X-X-X主卧房屋（以下简称涉案房屋）租于乙方使用,04b248f427f34aeda517dd0448775508
1,起火点为张锁所居住房间中的双人床处,47eb4f9073aa4c378b8e6126a1c983b1
1,被告王惊天在该酒店宾馆403室房间内为其自有的雅迪牌电动自行车的锂电池进行充电,3b1d205766304473aa02a9c401013920
1,每次量约5ml左右,c82d29f2dff442708f1caa8c00965c98
1,宋超在济南市传染病医院输液过程中无明显诱因突然坠床,3f47e4d69aa340298fa9aa44010b636d
1,被告陈国城的父亲叫陈石床（出生于1949年,8229ac5ab6f3423c898ba92d009a461f
1,家属放弃治疗后心跳骤停监床死亡,1c9d6b349a9348c6a288a8580097f165
1,患者刘增印在涉案病床上进行雾化治疗,5eb0a5ab5c624c57bc8ceffa55b3c30b
1,入院诊断为：肝性脑病、慢性乙型肝炎肝硬化失代偿期、慢性肝功能衰竭、肥厚型梗阻性心肌病、先天性心脏病（房间隔缺损）、心功能不全（心功能III级）,4f314738a63b487da39e43c1b5f8ffbe
1,患者杨乙于2010年1月20日22时20分被宣某某床死亡,8c1e9684a3cf421e8879c7337f533c64
1,随手用拳头打了来到床边的人几拳,e49b5a1b372a41de9bdcaaff01041e69
1,现病史：家属代诉患者今日在小区内喷洒农药（敌敌畏500ml×3瓶）,7fd4110c8e48430ab35cab4100ac75d7
1,呲嗪酰胺0.5g3次/日、乙胺丁醇0.75g/日）,e23cf7aa60d74c12b474aa4800e1bb9e
1,丁某从病床跌落,0380d59764fd4dcfb86baa4600e3483f
1,对于双方存在争议的几个事实认定如下：1、患者刘传红在被告处就医时出现多个床位,3ed754f4481f4fc2961ca9910034351d
1,……临床上一旦出现致死性大咯血窒息,537c2c70d6444cac82b3ab0c0091dd05
1,本院经审理认定事实如下：患者毛x1934年生人,903df7ed34c04906af17a85700d51d92
1,BENTALL是所有医学界总所周知的,98316c8e334a44e98766a85601475715
1,乔某丙驾驶鲁H×××××小型轿车沿鱼台县滨湖大道自南向北行驶至23KM处时,9a1505cdf460491facc0c2fea079c2e8
1,宣布廖银华临床床死亡,d4466047096c4009bd912901b6815e21
1,郑玉梅、郑红、郑奇的父亲郑某某无驾驶证驾驶无牌照两轮摩托车沿庄林路由北向南行驶至盖州市万福镇福利加油站路段处超车时,77458c8817664bd8a15d59dec3926dc4
1,与在局子街由南向北行驶姜风冬驾驶的吉HT0588号出租车相撞,e4e3268c116d483daca72fb24c09ba6b
1,宋某在原告猪场焊接养猪保育床,e610759ee5234a899f42a81e017dcab4
1,被告宋修禄在承揽原告养猪场焊接加工保育床期间,39ea07677e9e47119cb7a82d017d0b6f
1,合同附件《房屋交割清单》记载屋内物品有双人床1张、上下铺床1张、餐桌2张、衣柜2个、电视1台、冰箱1台、洗衣机1台、空调2台、热水器1台、燃气灶1台、抽油烟机1台、电视柜1个、油画3幅,c3599c84acbe4dcc9fc3c54eabc08a0c
1,李某2两次从床上摔下来,1b41dbba0ca0486a9fbcab14009cca03
1,床位费800元,18cfe8c3a2ea4c008be3aa6f012eabaa
1,何小明受伤被送往政和县医院住院治疗20天（其中11天挂床）,d1994453c3f3477191fcf963b45ae4e4
1,患者刘增印在涉案病床上进行雾化治疗,5eb0a5ab5c624c57bc8ceffa55b3c30b
1,住在该病区13号病床,85c5aa2a7bb74320aedb33879d22d6f6
1,其后被转入心内四科15病室43床住院治疗,80aa2e0420554727aaadd42f97beb8e4
1,李光立两次从床上摔下来,499de2e163344d8fbc14aae30069e514
1,确认：北京市石景山区石门路368号北京工业职业技术学院家属楼3号楼4单元202室的榉木床的左床尾螺杆无法完全挂入床架挂钩,7c9a5d77734b45acbcf9aa7b01371e95
1,周雨泽患感冒入住二医小儿科723病房45床,7200d78d20874b40b273aa3f012e3c90
1,与同方向刘铁龙的宗申牌三轮摩托车（后载陈友根）发生尾随相撞,bf074846cb614f2ebf1ca9c20036eca3
1,本院认定如下：1、被告主张原告存在挂床现象,1bf888fb7a9245338ac0a8ef001166cb
1,患者多次要求下床活动,75db34c9827a4a548011a85700132f60
1,2016年11月29日至2017年2月14日期间属“挂床”,61bb31528efa41bc87a0a9c70159f6f9
1,避免坠积性肺炎、压疮等卧床并发症,5d9fa42327f940138ce4a8230104e322
1,另查明：黎某甲强就诊时入住被告花都人民医院2号楼3楼22床,9fc06baf90fc49ff89955013ff757eb4
1,周国云家在水竹购买床单及棉絮各1床,497723a2d43244c6b795a14ac1be3876
1,2014年1月14日原告驾驶冀J815TJ号轿车从仓库内往外倒车,ac319568b01b4542ace9d14ef3b9bc6f
1,床位费800元,18cfe8c3a2ea4c008be3aa6f012eabaa
1,原告所受损伤为“右中指爪床骨折”,08013140e85c4a61a5b3ab3c016718eb
1,一旦发病可引起坠床骨折、窒息等,db4359f728e1440e928ef6061abb2f14
1,到212省道149KM＋920M路段时,5d0650ab646f4eb7b37f50d0030524b8
1,乙方应当定期向甲方缴纳下列费用：床位费1500元,87a21482ce8e43148234aaf800e7a8ad
1,本院认定如下：李宝华提出：在发生坠床后,f4408d26f6e64863b0caaaaf002b07bf
1,3、定期复查CT不适随访,daae5a630edb4f5ca0beaa2200c873d5
1,出院最后诊断为：右中指末节开放性骨折并甲床骨折,c5fb4c41b19f477898c0a8ff013c2580
1,原告所受损伤为“右中指爪床骨折”,5541b7976abb4c6b8b3fa70100a3eaec
1,顾x与史x5系夫妻,ddc0934308b34711a2e6217bf4230cc9
1,一旦发病可引起坠床骨折、窒息等,7f8ea430c82b4faa8fe532ba0d4354f5
1,一旦发病可引起坠床骨折、窒息等,309da1495c764215be443341f49d9053
1,王鲁驾京Ｋ×××××8号胜达牌小型越野客车,e4041750d72f402596adaa4f0011e2a9
1,陈镛涌驾驶粤WQ80XX号小型普通客车由罗定市泗纶镇往罗城街道方向行驶,6efc988da63f419b827f002ee479876e
1,王鲁驾驶京Ｋ×××××号胜达牌小型越野客车,2aad286fe2fb4af38a1ea9a800154c25
1,李学庆驾驶车牌号为皖Ａ×××××的重型特殊结构货车,c954880739fa4af8b5bfa7a000bdcff9
1,由被告护工将陈某某从床上抱起放入轮椅并推入浴室准备洗澡,764a5614351d4198b03608cd26d7e1d9
1,后刘某明因怀疑衣服有毒前往于某2家中借衣服,b3a8d3e9ca0d40e3b83caabd00a26079
1,杨某提议掩埋了郭毅龙的衣服,6aff0b7ba4a249649b16aaea0036cf85
1,周飞将车牌号变更登记为苏Ｆ×××××,4532ba6c1d5e465fba3aaa5d009d073c
1,邹文明驾驶牌号为苏E5586警小型轿车沿苏州市吴中区临湖镇东山大道由南往北至临湖派出所门口处路段,f7fad57bef754d3c975caa4f011232d5
1,肇事者系一名女性（上身着酱红色衣服）,f1c366f3e6764216b146a8f0009b41e4
1,华帆驾驶车牌号为苏M×××××的小型轿车,74eae11d4720446c8736a32ba565a9c6
1,前两天张利敏、张利娜约好一起买衣服,d589cd7fe6174da39bcea98a00d13d2f
1,被害人孙某甲驾驶一辆牌号为湘N×××××灰色两轮摩托车来到位于怀化市鹤城区城东五溪广场附近的湖南中铁五新钢模有限责任公司怀化桥隧机械厂接女朋友即被害人蒲某下班前往怀化“步某”吃晚饭,be733f83ab6d44debc73d7b63bd5f301
1,经营XX废品收购店,3e746353ce05490abb16aad400324743
1,被告人孟楠楠驾驶陕EXXXXX号红宇牌小型专项作业车沿西安市灞桥区XX街由北向南行驶至XX路丁字路口时,15c845e7fda548b08e51aa92009ec8fb
1,被告人周瑞酒后驾驶皖Ｆ×××××号小型面包车载周某2沿101省道自西向东行驶至淮北市298千米+393米处时车头右侧刮碰到前方同向行驶的被害人周某1驾驶的金鹏牌电动三轮车左后角,53edc0befcb34b67ab04aa8c009c24dd
1,车牌号记不住了,8c93fb1d15d047fd8061a9ae00771669
1,被告邹文明驾驶牌号为苏E5586警小型轿车沿苏州市吴中区临湖镇东山大道由南往北至临湖派出所门口处路段,f04b01ae0a674b889858a9f300f46fdd
1,此前原告在个体服装厂做衣服,ef5b405877934aef9bdca934012e44c8
1,并引燃身上的衣服,aee08f3eece0445c932fa83401529dbb
1,显示事故发生前保险车辆的驾驶员是穿白色衣服,6f457109605c40218e2ea83200987613
1,造成王小云受伤及衣服损伤,482b4d28bedc4f98a62ca7be00afe4ec
1,互相抓扯衣服,302725da7efb4c97a7f1a77f00abd66d
1,平时有村民在该水塘边洗衣服,5c38d7e0968645219755aa5300b73a6d
1,吴涛驾驶陕GQ9283号普通二轮摩托车,0ebf80342c604a049b49f60f25c2848d
1,被告宋建明驾驶豫EB9999号车沿人民大道由西向东行驶至曙光路口与邓玉志驾驶豫ELJ012号车载张浩沿人民大道由西向东行驶时发生碰撞,e442605347b440b08bd9bdca61a755ce
1,内含该公司赠送的充电宝一块,106a10be2d474384826da85900e6034b
1,应以中博物流公司提供的运单确定货物的价值,2184d5e7288b45c0a5afa76a010c9e3a
1,证明货物起火的原因是原告夹带了充电宝,3f1d3344b9a0433ca133a96b01735424
